Temp 3,Temp 2,Temp 1,Prec 3,Prec 2,Prec 1,Flow 3,Flow 2,Flow 1,Target Flow
28.0,46.0,38.0,0.0,0.0,0.2,4.35,4.17,10.8,6.5
46.0,38.0,44.0,0.0,0.2,0.0,4.17,10.8,6.5,7.9
38.0,44.0,46.0,0.2,0.0,0.21,10.8,6.5,7.9,8.24
44.0,46.0,45.0,0.0,0.21,0.04,6.5,7.9,8.24,5.46
46.0,45.0,38.0,0.21,0.04,0.0,7.9,8.24,5.46,4.27
45.0,38.0,46.0,0.04,0.0,0.0,8.24,5.46,4.27,3.53
38.0,46.0,44.0,0.0,0.0,0.0,5.46,4.27,3.53,3.69
46.0,44.0,46.0,0.0,0.0,0.1,4.27,3.53,3.69,4.14
44.0,46.0,42.0,0.0,0.1,0.02,3.53,3.69,4.14,7.5
46.0,42.0,52.0,0.1,0.02,0.96,3.69,4.14,7.5,18.0
42.0,52.0,54.0,0.02,0.96,0.11,4.14,7.5,18.0,11.0
52.0,54.0,46.0,0.96,0.11,0.0,7.5,18.0,11.0,6.42
54.0,46.0,46.0,0.11,0.0,0.0,18.0,11.0,6.42,5.42
46.0,46.0,56.0,0.0,0.0,0.02,11.0,6.42,5.42,4.96
46.0,56.0,50.0,0.0,0.02,0.0,6.42,5.42,4.96,4.3
56.0,50.0,46.0,0.02,0.0,0.0,5.42,4.96,4.3,3.91
50.0,46.0,52.0,0.0,0.0,0.01,4.96,4.3,3.91,3.84
46.0,52.0,62.0,0.0,0.01,0.0,4.3,3.91,3.84,3.5
52.0,62.0,58.0,0.01,0.0,0.0,3.91,3.84,3.5,4.86
62.0,58.0,54.0,0.0,0.0,0.34,3.84,3.5,4.86,23.4
58.0,54.0,54.0,0.0,0.34,0.22,3.5,4.86,23.4,10.4
54.0,54.0,44.0,0.34,0.22,0.03,4.86,23.4,10.4,5.08
54.0,44.0,37.0,0.22,0.03,0.02,23.4,10.4,5.08,4.14
44.0,37.0,33.0,0.03,0.02,0.0,10.4,5.08,4.14,3.57
37.0,33.0,39.0,0.02,0.0,0.0,5.08,4.14,3.57,3.91
33.0,39.0,45.0,0.0,0.0,0.05,4.14,3.57,3.91,3.33
39.0,45.0,47.0,0.0,0.05,0.0,3.57,3.91,3.33,3.11
45.0,47.0,40.0,0.05,0.0,0.0,3.91,3.33,3.11,2.94
47.0,40.0,45.0,0.0,0.0,0.0,3.33,3.11,2.94,2.78
40.0,45.0,47.0,0.0,0.0,0.03,3.11,2.94,2.78,15.8
45.0,47.0,52.0,0.0,0.03,0.39,2.94,2.78,15.8,5.85
47.0,52.0,60.0,0.03,0.39,0.0,2.78,15.8,5.85,3.71
52.0,60.0,58.0,0.39,0.0,0.0,15.8,5.85,3.71,3.22
60.0,58.0,60.0,0.0,0.0,0.0,5.85,3.71,3.22,3.6
58.0,60.0,67.0,0.0,0.0,0.09,3.71,3.22,3.6,10.9
60.0,67.0,56.0,0.0,0.09,0.78,3.22,3.6,10.9,82.7
67.0,56.0,62.0,0.09,0.78,0.81,3.6,10.9,82.7,32.0
56.0,62.0,65.0,0.78,0.81,30.14,10.9,82.7,32.0,13.3
62.0,65.0,68.0,0.81,30.14,0.08,82.7,32.0,13.3,8.64
65.0,68.0,67.0,30.14,0.08,0.03,32.0,13.3,8.64,13.5
68.0,67.0,68.0,0.08,0.03,0.24,13.3,8.64,13.5,25.1
67.0,68.0,68.0,0.03,0.24,0.1,8.64,13.5,25.1,14.0
68.0,68.0,56.0,0.24,0.1,0.0,13.5,25.1,14.0,6.46
68.0,56.0,46.0,0.1,0.0,0.0,25.1,14.0,6.46,5.08
56.0,46.0,48.0,0.0,0.0,0.0,14.0,6.46,5.08,5.66
46.0,48.0,62.0,0.0,0.0,0.11,6.46,5.08,5.66,6.19
48.0,62.0,67.0,0.0,0.11,0.08,5.08,5.66,6.19,5.41
62.0,67.0,73.0,0.11,0.08,0.05,5.66,6.19,5.41,4.68
67.0,73.0,74.0,0.08,0.05,0.0,6.19,5.41,4.68,4.11
73.0,74.0,54.0,0.05,0.0,0.0,5.41,4.68,4.11,3.63
74.0,54.0,48.0,0.0,0.0,0.0,4.68,4.11,3.63,3.79
54.0,48.0,54.0,0.0,0.0,0.02,4.11,3.63,3.79,3.68
48.0,54.0,56.0,0.0,0.02,0.01,3.63,3.79,3.68,3.86
54.0,56.0,54.0,0.02,0.01,0.0,3.79,3.68,3.86,3.45
56.0,54.0,62.0,0.01,0.0,0.0,3.68,3.86,3.45,3.55
54.0,62.0,72.0,0.0,0.0,0.07,3.86,3.45,3.55,4.66
62.0,72.0,72.0,0.0,0.07,0.18,3.45,3.55,4.66,7.6
72.0,72.0,69.0,0.07,0.18,0.0,3.55,4.66,7.6,4.27
72.0,69.0,60.0,0.18,0.0,0.0,4.66,7.6,4.27,4.15
69.0,60.0,70.0,0.0,0.0,0.0,7.6,4.27,4.15,21.4
60.0,70.0,66.0,0.0,0.0,1.41,4.27,4.15,21.4,143.0
70.0,66.0,50.0,0.0,1.41,1.23,4.15,21.4,143.0,40.2
66.0,50.0,55.0,1.41,1.23,0.0,21.4,143.0,40.2,21.8
50.0,55.0,54.0,1.23,0.0,0.0,143.0,40.2,21.8,6.68
55.0,54.0,57.0,0.0,0.0,0.0,40.2,21.8,6.68,5.23
54.0,57.0,65.0,0.0,0.0,30.04,21.8,6.68,5.23,4.43
57.0,65.0,66.0,0.0,30.04,0.0,6.68,5.23,4.43,3.79
65.0,66.0,64.0,30.04,0.0,0.0,5.23,4.43,3.79,6.67
66.0,64.0,60.0,0.0,0.0,0.26,4.43,3.79,6.67,13.7
64.0,60.0,70.0,0.0,0.26,0.15,3.79,6.67,13.7,5.89
60.0,70.0,68.0,0.26,0.15,0.0,6.67,13.7,5.89,4.92
70.0,68.0,72.0,0.15,0.0,0.04,13.7,5.89,4.92,4.05
68.0,72.0,67.0,0.0,0.04,0.0,5.89,4.92,4.05,3.9
72.0,67.0,71.0,0.04,0.0,0.2,4.92,4.05,3.9,18.9
67.0,71.0,64.0,0.0,0.2,0.56,4.05,3.9,18.9,234.0
71.0,64.0,72.0,0.2,0.56,0.95,3.9,18.9,234.0,99.9
64.0,72.0,76.0,0.56,0.95,0.33,18.9,234.0,99.9,45.2
72.0,76.0,73.0,0.95,0.33,0.04,234.0,99.9,45.2,26.8
76.0,73.0,66.0,0.33,0.04,0.03,99.9,45.2,26.8,11.0
73.0,66.0,72.0,0.04,0.03,0.21,45.2,26.8,11.0,10.9
66.0,72.0,67.0,0.03,0.21,0.0,26.8,11.0,10.9,6.72
72.0,67.0,64.0,0.21,0.0,0.01,11.0,10.9,6.72,5.53
67.0,64.0,74.0,0.0,0.01,0.01,10.9,6.72,5.53,4.58
64.0,74.0,70.0,0.01,0.01,0.03,6.72,5.53,4.58,131.0
74.0,70.0,70.0,0.01,0.03,0.65,5.53,4.58,131.0,33.0
70.0,70.0,64.0,0.03,0.65,0.0,4.58,131.0,33.0,13.9
70.0,64.0,62.0,0.65,0.0,0.0,131.0,33.0,13.9,6.26
64.0,62.0,64.0,0.0,0.0,0.0,33.0,13.9,6.26,74.8
62.0,64.0,60.0,0.0,0.0,0.42,13.9,6.26,74.8,50.3
64.0,60.0,65.0,0.0,0.42,29.84,6.26,74.8,50.3,26.8
60.0,65.0,63.0,0.42,29.84,0.0,74.8,50.3,26.8,10.8
65.0,63.0,68.0,29.84,0.0,0.0,50.3,26.8,10.8,8.43
63.0,68.0,65.0,0.0,0.0,29.88,26.8,10.8,8.43,5.88
68.0,65.0,62.0,0.0,29.88,0.0,10.8,8.43,5.88,4.58
65.0,62.0,62.0,29.88,0.0,0.0,8.43,5.88,4.58,4.12
62.0,62.0,62.0,0.0,0.0,0.0,5.88,4.58,4.12,3.76
62.0,62.0,66.0,0.0,0.0,30.09,4.58,4.12,3.76,3.62
62.0,66.0,66.0,0.0,30.09,0.0,4.12,3.76,3.62,9.35
66.0,66.0,68.0,30.09,0.0,0.01,3.76,3.62,9.35,8.16
66.0,68.0,60.0,0.0,0.01,0.0,3.62,9.35,8.16,23.4
68.0,60.0,65.0,0.01,0.0,29.96,9.35,8.16,23.4,14.4
60.0,65.0,66.0,0.0,29.96,0.0,8.16,23.4,14.4,4.9
65.0,66.0,67.0,29.96,0.0,0.0,23.4,14.4,4.9,4.01
66.0,67.0,70.0,0.0,0.0,0.0,14.4,4.9,4.01,3.66
67.0,70.0,67.0,0.0,0.0,0.0,4.9,4.01,3.66,10.7
70.0,67.0,72.0,0.0,0.0,0.28,4.01,3.66,10.7,14.7
67.0,72.0,67.0,0.0,0.28,0.0,3.66,10.7,14.7,4.16
72.0,67.0,60.0,0.28,0.0,0.0,10.7,14.7,4.16,19.0
67.0,60.0,76.0,0.0,0.0,0.42,14.7,4.16,19.0,13.2
60.0,76.0,78.0,0.0,0.42,0.1,4.16,19.0,13.2,5.85
76.0,78.0,76.0,0.42,0.1,0.0,19.0,13.2,5.85,3.83
78.0,76.0,68.0,0.1,0.0,0.0,13.2,5.85,3.83,3.17
76.0,68.0,72.0,0.0,0.0,0.0,5.85,3.83,3.17,2.9
68.0,72.0,64.0,0.0,0.0,29.95,3.83,3.17,2.9,2.79
72.0,64.0,68.0,0.0,29.95,0.0,3.17,2.9,2.79,2.74
64.0,68.0,74.0,29.95,0.0,0.0,2.9,2.79,2.74,2.69
68.0,74.0,72.0,0.0,0.0,0.0,2.79,2.74,2.69,2.71
74.0,72.0,74.0,0.0,0.0,0.0,2.74,2.69,2.71,2.65
72.0,74.0,72.0,0.0,0.0,0.0,2.69,2.71,2.65,2.61
74.0,72.0,73.0,0.0,0.0,0.0,2.71,2.65,2.61,10.7
72.0,73.0,74.0,0.0,0.0,0.64,2.65,2.61,10.7,16.8
73.0,74.0,72.0,0.0,0.64,0.0,2.61,10.7,16.8,4.33
74.0,72.0,72.0,0.64,0.0,0.0,10.7,16.8,4.33,2.69
72.0,72.0,70.0,0.0,0.0,0.0,16.8,4.33,2.69,6.86
72.0,70.0,72.0,0.0,0.0,0.51,4.33,2.69,6.86,43.6
70.0,72.0,71.0,0.0,0.51,0.51,2.69,6.86,43.6,22.1
72.0,71.0,66.0,0.51,0.51,0.0,6.86,43.6,22.1,4.8
71.0,66.0,66.0,0.51,0.0,0.0,43.6,22.1,4.8,3.28
66.0,66.0,65.0,0.0,0.0,30.0,22.1,4.8,3.28,2.94
66.0,65.0,64.0,0.0,30.0,0.0,4.8,3.28,2.94,2.87
65.0,64.0,68.0,30.0,0.0,0.0,3.28,2.94,2.87,2.82
64.0,68.0,72.0,0.0,0.0,0.23,2.94,2.87,2.82,24.3
68.0,72.0,70.0,0.0,0.23,0.6,2.87,2.82,24.3,31.9
72.0,70.0,70.0,0.23,0.6,0.0,2.82,24.3,31.9,10.0
70.0,70.0,65.0,0.6,0.0,30.09,24.3,31.9,10.0,3.39
70.0,65.0,68.0,0.0,30.09,0.01,31.9,10.0,3.39,2.94
65.0,68.0,74.0,30.09,0.01,0.03,10.0,3.39,2.94,2.91
68.0,74.0,71.0,0.01,0.03,0.0,3.39,2.94,2.91,2.65
74.0,71.0,72.0,0.03,0.0,0.0,2.94,2.91,2.65,2.56
71.0,72.0,74.0,0.0,0.0,0.0,2.91,2.65,2.56,2.35
72.0,74.0,72.0,0.0,0.0,0.0,2.65,2.56,2.35,6.9
74.0,72.0,76.0,0.0,0.0,0.42,2.56,2.35,6.9,21.8
72.0,76.0,66.0,0.0,0.42,0.37,2.35,6.9,21.8,9.27
76.0,66.0,64.0,0.42,0.37,0.0,6.9,21.8,9.27,3.06
66.0,64.0,64.0,0.37,0.0,0.0,21.8,9.27,3.06,3.9
64.0,64.0,66.0,0.0,0.0,29.93,9.27,3.06,3.9,5.75
64.0,66.0,60.0,0.0,29.93,0.0,3.06,3.9,5.75,2.99
66.0,60.0,60.0,29.93,0.0,0.0,3.9,5.75,2.99,2.51
60.0,60.0,58.0,0.0,0.0,0.0,5.75,2.99,2.51,2.3
60.0,58.0,56.0,0.0,0.0,0.0,2.99,2.51,2.3,2.26
58.0,56.0,58.0,0.0,0.0,0.0,2.51,2.3,2.26,2.3
56.0,58.0,66.0,0.0,0.0,0.0,2.3,2.26,2.3,2.31
58.0,66.0,72.0,0.0,0.0,0.03,2.26,2.3,2.31,2.24
66.0,72.0,70.0,0.0,0.03,0.0,2.3,2.31,2.24,2.21
72.0,70.0,72.0,0.03,0.0,0.0,2.31,2.24,2.21,2.51
70.0,72.0,76.0,0.0,0.0,0.01,2.24,2.21,2.51,10.6
72.0,76.0,76.0,0.0,0.01,0.46,2.21,2.51,10.6,29.0
76.0,76.0,74.0,0.01,0.46,0.12,2.51,10.6,29.0,9.28
76.0,74.0,71.0,0.46,0.12,0.06,10.6,29.0,9.28,3.56
74.0,71.0,74.0,0.12,0.06,0.0,29.0,9.28,3.56,2.83
71.0,74.0,76.0,0.06,0.0,0.0,9.28,3.56,2.83,2.5
74.0,76.0,76.0,0.0,0.0,0.0,3.56,2.83,2.5,2.46
76.0,76.0,68.0,0.0,0.0,0.02,2.83,2.5,2.46,2.29
76.0,68.0,62.0,0.0,0.02,0.0,2.5,2.46,2.29,2.89
68.0,62.0,59.0,0.02,0.0,0.12,2.46,2.29,2.89,2.67
62.0,59.0,52.0,0.0,0.12,0.0,2.29,2.89,2.67,2.25
59.0,52.0,54.0,0.12,0.0,0.0,2.89,2.67,2.25,2.45
52.0,54.0,57.0,0.0,0.0,0.0,2.67,2.25,2.45,2.28
54.0,57.0,68.0,0.0,0.0,0.0,2.25,2.45,2.28,2.14
57.0,68.0,62.0,0.0,0.0,0.0,2.45,2.28,2.14,2.07
68.0,62.0,64.0,0.0,0.0,0.0,2.28,2.14,2.07,5.13
62.0,64.0,67.0,0.0,0.0,0.56,2.14,2.07,5.13,25.2
64.0,67.0,62.0,0.0,0.56,0.2,2.07,5.13,25.2,9.48
67.0,62.0,54.0,0.56,0.2,0.0,5.13,25.2,9.48,2.65
62.0,54.0,57.0,0.2,0.0,0.0,25.2,9.48,2.65,2.1
54.0,57.0,58.0,0.0,0.0,0.0,9.48,2.65,2.1,2.17
57.0,58.0,60.0,0.0,0.0,0.0,2.65,2.1,2.17,1.9
58.0,60.0,62.0,0.0,0.0,0.0,2.1,2.17,1.9,2.49
60.0,62.0,67.0,0.0,0.0,0.0,2.17,1.9,2.49,1.86
62.0,67.0,68.0,0.0,0.0,0.0,1.9,2.49,1.86,1.83
67.0,68.0,64.0,0.0,0.0,30.16,2.49,1.86,1.83,1.89
68.0,64.0,70.0,0.0,30.16,0.0,1.86,1.83,1.89,2.68
64.0,70.0,64.0,30.16,0.0,0.25,1.83,1.89,2.68,3.02
70.0,64.0,56.0,0.0,0.25,0.0,1.89,2.68,3.02,2.1
64.0,56.0,54.0,0.25,0.0,0.0,2.68,3.02,2.1,1.86
56.0,54.0,52.0,0.0,0.0,0.0,3.02,2.1,1.86,1.85
54.0,52.0,48.0,0.0,0.0,0.06,2.1,1.86,1.85,2.31
52.0,48.0,52.0,0.0,0.06,0.02,1.86,1.85,2.31,2.03
48.0,52.0,62.0,0.06,0.02,0.0,1.85,2.31,2.03,1.94
52.0,62.0,62.0,0.02,0.0,0.0,2.31,2.03,1.94,1.85
62.0,62.0,59.0,0.0,0.0,0.0,2.03,1.94,1.85,1.82
62.0,59.0,58.0,0.0,0.0,0.0,1.94,1.85,1.82,1.89
59.0,58.0,55.0,0.0,0.0,0.01,1.85,1.82,1.89,1.87
58.0,55.0,48.0,0.0,0.01,0.0,1.82,1.89,1.87,1.81
55.0,48.0,58.0,0.01,0.0,0.0,1.89,1.87,1.81,1.85
48.0,58.0,64.0,0.0,0.0,0.0,1.87,1.81,1.85,1.82
58.0,64.0,54.0,0.0,0.0,0.0,1.81,1.85,1.82,1.87
64.0,54.0,47.0,0.0,0.0,0.0,1.85,1.82,1.87,1.82
54.0,47.0,45.0,0.0,0.0,0.03,1.82,1.87,1.82,1.88
47.0,45.0,44.0,0.0,0.03,0.0,1.87,1.82,1.88,1.83
45.0,44.0,36.0,0.03,0.0,0.0,1.82,1.88,1.83,1.75
44.0,36.0,36.0,0.0,0.0,0.0,1.88,1.83,1.75,1.83
36.0,36.0,46.0,0.0,0.0,0.0,1.83,1.75,1.83,1.84
36.0,46.0,64.0,0.0,0.0,0.0,1.75,1.83,1.84,1.8
46.0,64.0,62.0,0.0,0.0,0.01,1.83,1.84,1.8,1.81
64.0,62.0,54.0,0.0,0.01,0.0,1.84,1.8,1.81,1.77
62.0,54.0,51.0,0.01,0.0,0.0,1.8,1.81,1.77,10.1
54.0,51.0,60.0,0.0,0.0,0.4,1.81,1.77,10.1,6.57
51.0,60.0,49.0,0.0,0.4,0.0,1.77,10.1,6.57,2.26
60.0,49.0,45.0,0.4,0.0,0.0,10.1,6.57,2.26,1.89
49.0,45.0,48.0,0.0,0.0,0.01,6.57,2.26,1.89,39.4
45.0,48.0,56.0,0.0,0.01,1.14,2.26,1.89,39.4,32.1
48.0,56.0,44.0,0.01,1.14,0.02,1.89,39.4,32.1,11.3
56.0,44.0,44.0,1.14,0.02,0.0,39.4,32.1,11.3,3.32
44.0,44.0,42.0,0.02,0.0,0.11,32.1,11.3,3.32,4.05
44.0,42.0,50.0,0.0,0.11,0.0,11.3,3.32,4.05,2.6
42.0,50.0,50.0,0.11,0.0,0.0,3.32,4.05,2.6,2.18
50.0,50.0,55.0,0.0,0.0,0.0,4.05,2.6,2.18,2.05
50.0,55.0,57.0,0.0,0.0,0.0,2.6,2.18,2.05,1.97
55.0,57.0,59.0,0.0,0.0,0.0,2.18,2.05,1.97,8.26
57.0,59.0,56.0,0.0,0.0,0.21,2.05,1.97,8.26,4.04
59.0,56.0,42.0,0.0,0.21,0.0,1.97,8.26,4.04,2.26
56.0,42.0,36.0,0.21,0.0,0.0,8.26,4.04,2.26,2.05
42.0,36.0,38.0,0.0,0.0,0.0,4.04,2.26,2.05,9.95
36.0,38.0,42.0,0.0,0.0,0.37,2.26,2.05,9.95,6.15
38.0,42.0,40.0,0.0,0.37,0.0,2.05,9.95,6.15,5.6
42.0,40.0,49.0,0.37,0.0,0.18,9.95,6.15,5.6,6.87
40.0,49.0,41.0,0.0,0.18,0.04,6.15,5.6,6.87,3.88
49.0,41.0,39.0,0.18,0.04,0.0,5.6,6.87,3.88,2.57
41.0,39.0,49.0,0.04,0.0,0.0,6.87,3.88,2.57,2.19
39.0,49.0,45.0,0.0,0.0,0.0,3.88,2.57,2.19,2.03
49.0,45.0,50.0,0.0,0.0,0.0,2.57,2.19,2.03,3.29
45.0,50.0,59.0,0.0,0.0,0.16,2.19,2.03,3.29,4.46
50.0,59.0,48.0,0.0,0.16,0.0,2.03,3.29,4.46,2.54
59.0,48.0,37.0,0.16,0.0,0.0,3.29,4.46,2.54,3.35
48.0,37.0,32.0,0.0,0.0,0.09,4.46,2.54,3.35,6.96
37.0,32.0,20.0,0.0,0.09,0.0,2.54,3.35,6.96,5.63
32.0,20.0,25.0,0.09,0.0,0.01,3.35,6.96,5.63,3.87
20.0,25.0,26.0,0.0,0.01,0.0,6.96,5.63,3.87,4.51
25.0,26.0,38.0,0.01,0.0,0.0,5.63,3.87,4.51,12.2
26.0,38.0,52.0,0.0,0.0,0.13,3.87,4.51,12.2,17.1
38.0,52.0,46.0,0.0,0.13,0.44,4.51,12.2,17.1,21.5
52.0,46.0,32.0,0.13,0.44,0.04,12.2,17.1,21.5,8.58
46.0,32.0,28.0,0.44,0.04,0.0,17.1,21.5,8.58,4.44
32.0,28.0,37.0,0.04,0.0,0.0,21.5,8.58,4.44,4.04
28.0,37.0,38.0,0.0,0.0,0.03,8.58,4.44,4.04,4.49
37.0,38.0,31.0,0.0,0.03,0.06,4.44,4.04,4.49,4.44
38.0,31.0,38.0,0.03,0.06,0.0,4.04,4.49,4.44,3.04
31.0,38.0,35.0,0.06,0.0,0.0,4.49,4.44,3.04,2.48
38.0,35.0,28.0,0.0,0.0,0.0,4.44,3.04,2.48,2.3
35.0,28.0,30.0,0.0,0.0,0.0,3.04,2.48,2.3,2.3
28.0,30.0,37.0,0.0,0.0,0.0,2.48,2.3,2.3,2.29
30.0,37.0,40.0,0.0,0.0,0.0,2.3,2.3,2.29,2.17
37.0,40.0,39.0,0.0,0.0,0.0,2.3,2.29,2.17,2.16
40.0,39.0,40.0,0.0,0.0,0.0,2.29,2.17,2.16,2.12
39.0,40.0,47.0,0.0,0.0,0.0,2.17,2.16,2.12,2.05
40.0,47.0,54.0,0.0,0.0,0.0,2.16,2.12,2.05,2.06
47.0,54.0,58.0,0.0,0.0,0.0,2.12,2.05,2.06,7.01
54.0,58.0,52.0,0.0,0.0,0.22,2.05,2.06,7.01,7.87
58.0,52.0,42.0,0.0,0.22,0.0,2.06,7.01,7.87,3.46
52.0,42.0,45.0,0.22,0.0,0.04,7.01,7.87,3.46,3.22
42.0,45.0,38.0,0.0,0.04,0.0,7.87,3.46,3.22,2.7
45.0,38.0,30.0,0.04,0.0,0.0,3.46,3.22,2.7,2.42
38.0,30.0,24.0,0.0,0.0,0.0,3.22,2.7,2.42,3.02
30.0,24.0,30.0,0.0,0.0,0.0,2.7,2.42,3.02,14.0
24.0,30.0,45.0,0.0,0.0,0.47,2.42,3.02,14.0,15.9
30.0,45.0,50.0,0.0,0.47,0.0,3.02,14.0,15.9,20.2
45.0,50.0,21.5,0.47,0.0,29.64,14.0,15.9,20.2,36.2
50.0,21.5,48.0,0.0,29.64,0.0,15.9,20.2,36.2,17.0
21.5,48.0,36.0,29.64,0.0,0.0,20.2,36.2,17.0,5.75
48.0,36.0,37.0,0.0,0.0,0.05,36.2,17.0,5.75,15.1
36.0,37.0,38.0,0.0,0.05,0.26,17.0,5.75,15.1,13.7
37.0,38.0,32.0,0.05,0.26,0.59,5.75,15.1,13.7,54.8
38.0,32.0,36.0,0.26,0.59,0.08,15.1,13.7,54.8,36.5
32.0,36.0,32.0,0.59,0.08,0.0,13.7,54.8,36.5,17.2
36.0,32.0,29.0,0.08,0.0,0.0,54.8,36.5,17.2,7.22
32.0,29.0,26.0,0.0,0.0,0.0,36.5,17.2,7.22,5.56
29.0,26.0,30.0,0.0,0.0,0.0,17.2,7.22,5.56,4.67
26.0,30.0,29.0,0.0,0.0,0.0,7.22,5.56,4.67,3.95
30.0,29.0,19.0,0.0,0.0,0.0,5.56,4.67,3.95,3.63
29.0,19.0,16.0,0.0,0.0,0.0,4.67,3.95,3.63,3.36
19.0,16.0,22.0,0.0,0.0,0.0,3.95,3.63,3.36,3.41
16.0,22.0,32.0,0.0,0.0,0.0,3.63,3.36,3.41,4.69
22.0,32.0,33.0,0.0,0.0,0.18,3.36,3.41,4.69,13.6
32.0,33.0,44.0,0.0,0.18,0.1,3.41,4.69,13.6,16.3
33.0,44.0,30.0,0.18,0.1,0.18,4.69,13.6,16.3,11.0
44.0,30.0,12.0,0.1,0.18,0.0,13.6,16.3,11.0,6.14
30.0,12.0,20.0,0.18,0.0,0.0,16.3,11.0,6.14,4.69
12.0,20.0,12.0,0.0,0.0,0.0,11.0,6.14,4.69,4.29
20.0,12.0,26.0,0.0,0.0,0.0,6.14,4.69,4.29,7.74
12.0,26.0,28.0,0.0,0.0,0.21,4.69,4.29,7.74,18.7
26.0,28.0,32.0,0.0,0.21,0.0,4.29,7.74,18.7,9.64
28.0,32.0,17.0,0.21,0.0,0.0,7.74,18.7,9.64,5.42
32.0,17.0,10.0,0.0,0.0,0.0,18.7,9.64,5.42,4.11
17.0,10.0,13.0,0.0,0.0,0.0,9.64,5.42,4.11,3.86
10.0,13.0,12.0,0.0,0.0,0.0,5.42,4.11,3.86,3.65
13.0,12.0,18.0,0.0,0.0,0.0,4.11,3.86,3.65,3.3
12.0,18.0,24.0,0.0,0.0,0.0,3.86,3.65,3.3,3.13
18.0,24.0,21.0,0.0,0.0,0.0,3.65,3.3,3.13,3.16
24.0,21.0,23.0,0.0,0.0,0.0,3.3,3.13,3.16,3.36
21.0,23.0,34.0,0.0,0.0,0.02,3.13,3.16,3.36,4.03
23.0,34.0,37.0,0.0,0.02,0.0,3.16,3.36,4.03,3.63
34.0,37.0,28.0,0.02,0.0,0.0,3.36,4.03,3.63,3.44
37.0,28.0,32.0,0.0,0.0,0.02,4.03,3.63,3.44,3.28
28.0,32.0,26.0,0.0,0.02,0.0,3.63,3.44,3.28,3.18
32.0,26.0,39.0,0.02,0.0,0.0,3.44,3.28,3.18,5.86
26.0,39.0,41.0,0.0,0.0,0.15,3.28,3.18,5.86,9.18
39.0,41.0,34.0,0.0,0.15,0.0,3.18,5.86,9.18,9.97
41.0,34.0,30.0,0.15,0.0,0.3,5.86,9.18,9.97,24.3
34.0,30.0,44.0,0.0,0.3,0.0,9.18,9.97,24.3,13.3
30.0,44.0,29.0,0.3,0.0,0.0,9.97,24.3,13.3,7.47
44.0,29.0,27.0,0.0,0.0,0.0,24.3,13.3,7.47,5.35
29.0,27.0,28.0,0.0,0.0,0.0,13.3,7.47,5.35,4.34
27.0,28.0,36.0,0.0,0.0,0.0,7.47,5.35,4.34,4.13
28.0,36.0,34.0,0.0,0.0,0.0,5.35,4.34,4.13,4.85
36.0,34.0,28.0,0.0,0.0,0.05,4.34,4.13,4.85,4.16
34.0,28.0,16.0,0.0,0.05,0.0,4.13,4.85,4.16,2.65
28.0,16.0,12.0,0.05,0.0,0.0,4.85,4.16,2.65,3.38
16.0,12.0,13.0,0.0,0.0,0.0,4.16,2.65,3.38,3.19
12.0,13.0,5.0,0.0,0.0,0.0,2.65,3.38,3.19,3.09
13.0,5.0,4.0,0.0,0.0,0.0,3.38,3.19,3.09,3.12
5.0,4.0,22.0,0.0,0.0,0.0,3.19,3.09,3.12,3.03
4.0,22.0,28.0,0.0,0.0,0.0,3.09,3.12,3.03,3.36
22.0,28.0,18.0,0.0,0.0,0.04,3.12,3.03,3.36,3.12
28.0,18.0,16.0,0.0,0.04,0.0,3.03,3.36,3.12,3.27
18.0,16.0,45.0,0.04,0.0,0.0,3.36,3.12,3.27,3.47
16.0,45.0,46.0,0.0,0.0,0.0,3.12,3.27,3.47,3.72
45.0,46.0,34.0,0.0,0.0,0.0,3.27,3.47,3.72,3.67
46.0,34.0,31.0,0.0,0.0,0.0,3.47,3.72,3.67,3.38
34.0,31.0,32.0,0.0,0.0,0.0,3.72,3.67,3.38,3.74
31.0,32.0,32.0,0.0,0.0,0.29,3.67,3.38,3.74,6.39
32.0,32.0,30.0,0.0,0.29,0.13,3.38,3.74,6.39,6.49
32.0,30.0,26.0,0.29,0.13,0.0,3.74,6.39,6.49,6.36
30.0,26.0,34.0,0.13,0.0,0.0,6.39,6.49,6.36,18.5
26.0,34.0,49.0,0.0,0.0,0.14,6.49,6.36,18.5,44.0
34.0,49.0,38.0,0.0,0.14,0.01,6.36,18.5,44.0,29.2
49.0,38.0,24.0,0.14,0.01,0.04,18.5,44.0,29.2,15.5
38.0,24.0,20.0,0.01,0.04,0.0,44.0,29.2,15.5,9.94
24.0,20.0,20.0,0.04,0.0,0.06,29.2,15.5,9.94,9.06
20.0,20.0,29.0,0.0,0.06,0.0,15.5,9.94,9.06,10.4
20.0,29.0,30.0,0.06,0.0,0.16,9.94,9.06,10.4,9.21
29.0,30.0,24.0,0.0,0.16,0.0,9.06,10.4,9.21,10.4
30.0,24.0,46.0,0.16,0.0,0.0,10.4,9.21,10.4,16.7
24.0,46.0,59.0,0.0,0.0,0.0,9.21,10.4,16.7,11.3
46.0,59.0,60.0,0.0,0.0,0.0,10.4,16.7,11.3,8.85
59.0,60.0,52.0,0.0,0.0,0.05,16.7,11.3,8.85,7.49
60.0,52.0,41.0,0.0,0.05,0.0,11.3,8.85,7.49,6.14
52.0,41.0,42.0,0.05,0.0,0.0,8.85,7.49,6.14,23.0
41.0,42.0,46.0,0.0,0.0,0.74,7.49,6.14,23.0,44.6
42.0,46.0,52.0,0.0,0.74,0.02,6.14,23.0,44.6,28.3
46.0,52.0,50.0,0.74,0.02,0.0,23.0,44.6,28.3,16.1
52.0,50.0,52.0,0.02,0.0,0.1,44.6,28.3,16.1,9.73
50.0,52.0,44.0,0.0,0.1,0.0,28.3,16.1,9.73,6.82
52.0,44.0,36.0,0.1,0.0,0.0,16.1,9.73,6.82,5.62
44.0,36.0,34.0,0.0,0.0,0.0,9.73,6.82,5.62,5.09
36.0,34.0,34.0,0.0,0.0,0.0,6.82,5.62,5.09,4.69
34.0,34.0,36.0,0.0,0.0,0.0,5.62,5.09,4.69,4.48
34.0,36.0,44.0,0.0,0.0,0.0,5.09,4.69,4.48,4.28
36.0,44.0,45.0,0.0,0.0,0.02,4.69,4.48,4.28,59.1
44.0,45.0,46.0,0.0,0.02,0.99,4.48,4.28,59.1,48.0
45.0,46.0,36.0,0.02,0.99,0.0,4.28,59.1,48.0,26.5
46.0,36.0,36.0,0.99,0.0,0.0,59.1,48.0,26.5,14.7
36.0,36.0,48.0,0.0,0.0,0.32,48.0,26.5,14.7,35.0
36.0,48.0,44.0,0.0,0.32,0.23,26.5,14.7,35.0,22.7
48.0,44.0,42.0,0.32,0.23,0.0,14.7,35.0,22.7,11.4
44.0,42.0,43.0,0.23,0.0,0.01,35.0,22.7,11.4,66.8
42.0,43.0,57.0,0.0,0.01,1.24,22.7,11.4,66.8,65.0
43.0,57.0,44.0,0.01,1.24,0.0,11.4,66.8,65.0,32.5
57.0,44.0,34.0,1.24,0.0,0.1,66.8,65.0,32.5,21.2
44.0,34.0,34.0,0.0,0.1,0.04,65.0,32.5,21.2,13.3
34.0,34.0,32.0,0.1,0.04,0.02,32.5,21.2,13.3,10.2
34.0,32.0,27.0,0.04,0.02,0.0,21.2,13.3,10.2,9.56
32.0,27.0,41.0,0.02,0.0,0.2,13.3,10.2,9.56,12.0
27.0,41.0,38.0,0.0,0.2,0.1,10.2,9.56,12.0,12.0
41.0,38.0,32.0,0.2,0.1,0.04,9.56,12.0,12.0,8.8
38.0,32.0,28.0,0.1,0.04,0.01,12.0,12.0,8.8,14.6
32.0,28.0,30.0,0.04,0.01,0.43,12.0,8.8,14.6,35.1
28.0,30.0,46.0,0.01,0.43,0.04,8.8,14.6,35.1,20.7
30.0,46.0,38.0,0.43,0.04,0.0,14.6,35.1,20.7,9.82
46.0,38.0,39.0,0.04,0.0,0.0,35.1,20.7,9.82,7.71
38.0,39.0,42.0,0.0,0.0,0.0,20.7,9.82,7.71,6.54
39.0,42.0,50.0,0.0,0.0,0.0,9.82,7.71,6.54,5.93
42.0,50.0,58.0,0.0,0.0,0.0,7.71,6.54,5.93,5.52
50.0,58.0,57.0,0.0,0.0,0.0,6.54,5.93,5.52,5.6
58.0,57.0,60.0,0.0,0.0,0.0,5.93,5.52,5.6,4.93
57.0,60.0,57.0,0.0,0.0,0.0,5.52,5.6,4.93,4.65
60.0,57.0,54.0,0.0,0.0,0.0,5.6,4.93,4.65,10.3
57.0,54.0,55.0,0.0,0.0,0.47,4.93,4.65,10.3,22.4
54.0,55.0,54.0,0.0,0.47,0.0,4.65,10.3,22.4,9.5
55.0,54.0,48.0,0.47,0.0,0.0,10.3,22.4,9.5,5.63
54.0,48.0,47.0,0.0,0.0,0.0,22.4,9.5,5.63,5.09
48.0,47.0,62.0,0.0,0.0,0.0,9.5,5.63,5.09,22.3
47.0,62.0,52.0,0.0,0.0,0.47,5.63,5.09,22.3,10.2
62.0,52.0,49.0,0.0,0.47,0.0,5.09,22.3,10.2,7.05
52.0,49.0,44.0,0.47,0.0,0.12,22.3,10.2,7.05,6.36
49.0,44.0,48.0,0.0,0.12,0.0,10.2,7.05,6.36,9.03
44.0,48.0,46.0,0.12,0.0,0.5,7.05,6.36,9.03,36.1
48.0,46.0,50.0,0.0,0.5,0.13,6.36,9.03,36.1,34.3
46.0,50.0,49.0,0.5,0.13,0.25,9.03,36.1,34.3,19.8
50.0,49.0,50.0,0.13,0.25,0.0,36.1,34.3,19.8,17.2
49.0,50.0,52.0,0.25,0.0,0.35,34.3,19.8,17.2,22.9
50.0,52.0,55.0,0.0,0.35,0.02,19.8,17.2,22.9,12.1
52.0,55.0,62.0,0.35,0.02,0.0,17.2,22.9,12.1,7.11
55.0,62.0,58.0,0.02,0.0,0.0,22.9,12.1,7.11,6.15
62.0,58.0,51.0,0.0,0.0,0.0,12.1,7.11,6.15,6.96
58.0,51.0,49.0,0.0,0.0,0.0,7.11,6.15,6.96,8.23
51.0,49.0,50.0,0.0,0.0,0.23,6.15,6.96,8.23,9.88
49.0,50.0,58.0,0.0,0.23,0.0,6.96,8.23,9.88,15.5
50.0,58.0,63.0,0.23,0.0,0.59,8.23,9.88,15.5,34.6
58.0,63.0,58.0,0.0,0.59,0.0,9.88,15.5,34.6,28.7
63.0,58.0,47.0,0.59,0.0,0.31,15.5,34.6,28.7,14.3
58.0,47.0,41.0,0.0,0.31,0.02,34.6,28.7,14.3,7.58
47.0,41.0,50.0,0.31,0.02,0.0,28.7,14.3,7.58,6.21
41.0,50.0,56.0,0.02,0.0,0.0,14.3,7.58,6.21,5.47
50.0,56.0,54.0,0.0,0.0,0.0,7.58,6.21,5.47,5.12
56.0,54.0,54.0,0.0,0.0,0.0,6.21,5.47,5.12,4.36
54.0,54.0,54.0,0.0,0.0,0.0,5.47,5.12,4.36,4.13
54.0,54.0,61.0,0.0,0.0,0.0,5.12,4.36,4.13,3.94
54.0,61.0,58.0,0.0,0.0,0.0,4.36,4.13,3.94,3.72
61.0,58.0,54.0,0.0,0.0,0.0,4.13,3.94,3.72,3.69
58.0,54.0,60.0,0.0,0.0,0.0,3.94,3.72,3.69,3.64
54.0,60.0,67.0,0.0,0.0,0.0,3.72,3.69,3.64,3.71
60.0,67.0,74.0,0.0,0.0,0.03,3.69,3.64,3.71,3.54
67.0,74.0,72.0,0.0,0.03,0.0,3.64,3.71,3.54,3.43
74.0,72.0,72.0,0.03,0.0,0.0,3.71,3.54,3.43,3.39
72.0,72.0,75.0,0.0,0.0,0.02,3.54,3.43,3.39,3.24
72.0,75.0,68.0,0.0,0.02,0.0,3.43,3.39,3.24,3.1
75.0,68.0,66.0,0.02,0.0,0.0,3.39,3.24,3.1,8.59
68.0,66.0,66.0,0.0,0.0,0.49,3.24,3.1,8.59,19.8
66.0,66.0,68.0,0.0,0.49,0.0,3.1,8.59,19.8,5.5
66.0,68.0,63.0,0.49,0.0,0.0,8.59,19.8,5.5,40.4
68.0,63.0,66.0,0.0,0.0,1.52,19.8,5.5,40.4,64.5
63.0,66.0,64.0,0.0,1.52,0.08,5.5,40.4,64.5,28.3
66.0,64.0,68.0,1.52,0.08,0.0,40.4,64.5,28.3,7.95
64.0,68.0,59.0,0.08,0.0,0.0,64.5,28.3,7.95,4.11
68.0,59.0,57.0,0.0,0.0,0.0,28.3,7.95,4.11,3.46
59.0,57.0,56.0,0.0,0.0,0.0,7.95,4.11,3.46,3.22
57.0,56.0,68.0,0.0,0.0,0.0,4.11,3.46,3.22,3.06
56.0,68.0,78.0,0.0,0.0,0.0,3.46,3.22,3.06,2.81
68.0,78.0,69.0,0.0,0.0,0.0,3.22,3.06,2.81,2.76
78.0,69.0,58.0,0.0,0.0,0.0,3.06,2.81,2.76,2.75
69.0,58.0,66.0,0.0,0.0,0.02,2.81,2.76,2.75,2.7
58.0,66.0,70.0,0.0,0.02,0.0,2.76,2.75,2.7,34.6
66.0,70.0,70.0,0.02,0.0,0.98,2.75,2.7,34.6,23.8
70.0,70.0,72.0,0.0,0.98,0.0,2.7,34.6,23.8,5.84
70.0,72.0,67.0,0.98,0.0,0.0,34.6,23.8,5.84,3.35
72.0,67.0,70.0,0.0,0.0,0.0,23.8,5.84,3.35,2.94
67.0,70.0,74.0,0.0,0.0,0.0,5.84,3.35,2.94,2.45
70.0,74.0,66.0,0.0,0.0,29.92,3.35,2.94,2.45,2.34
74.0,66.0,66.0,0.0,29.92,0.0,2.94,2.45,2.34,2.42
66.0,66.0,70.0,29.92,0.0,0.02,2.45,2.34,2.42,2.46
66.0,70.0,68.0,0.0,0.02,0.0,2.34,2.42,2.46,2.35
70.0,68.0,65.0,0.02,0.0,30.13,2.42,2.46,2.35,2.33
68.0,65.0,70.0,0.0,30.13,0.0,2.46,2.35,2.33,2.28
65.0,70.0,78.0,30.13,0.0,0.0,2.35,2.33,2.28,2.49
70.0,78.0,66.0,0.0,0.0,0.0,2.33,2.28,2.49,2.28
78.0,66.0,58.0,0.0,0.0,0.0,2.28,2.49,2.28,2.05
66.0,58.0,64.0,0.0,0.0,30.0,2.49,2.28,2.05,4.11
58.0,64.0,66.0,0.0,30.0,0.16,2.28,2.05,4.11,2.27
64.0,66.0,58.0,30.0,0.16,0.0,2.05,4.11,2.27,2.15
66.0,58.0,62.0,0.16,0.0,0.0,4.11,2.27,2.15,2.11
58.0,62.0,60.0,0.0,0.0,0.0,2.27,2.15,2.11,2.09
62.0,60.0,76.0,0.0,0.0,0.0,2.15,2.11,2.09,2.09
60.0,76.0,72.0,0.0,0.0,0.0,2.11,2.09,2.09,5.2
76.0,72.0,76.0,0.0,0.0,0.02,2.09,2.09,5.2,7.5
72.0,76.0,76.0,0.0,0.02,0.33,2.09,5.2,7.5,3.17
76.0,76.0,70.0,0.02,0.33,0.0,5.2,7.5,3.17,2.31
76.0,70.0,70.0,0.33,0.0,0.0,7.5,3.17,2.31,2.3
70.0,70.0,72.0,0.0,0.0,0.0,3.17,2.31,2.3,3.3
70.0,72.0,75.0,0.0,0.0,0.45,2.31,2.3,3.3,7.4
72.0,75.0,78.0,0.0,0.45,0.07,2.3,3.3,7.4,2.7
75.0,78.0,76.0,0.45,0.07,0.0,3.3,7.4,2.7,2.5
78.0,76.0,68.0,0.07,0.0,0.01,7.4,2.7,2.5,2.4
76.0,68.0,68.0,0.0,0.01,0.0,2.7,2.5,2.4,2.2
68.0,68.0,67.0,0.01,0.0,0.0,2.5,2.4,2.2,3.2
68.0,67.0,74.0,0.0,0.0,0.07,2.4,2.2,3.2,2.7
67.0,74.0,70.0,0.0,0.07,0.0,2.2,3.2,2.7,2.4
74.0,70.0,70.0,0.07,0.0,0.0,3.2,2.7,2.4,5.1
70.0,70.0,74.0,0.0,0.0,0.31,2.7,2.4,5.1,9.4
70.0,74.0,81.0,0.0,0.31,0.0,2.4,5.1,9.4,2.7
74.0,81.0,79.0,0.31,0.0,0.0,5.1,9.4,2.7,2.6
81.0,79.0,78.0,0.0,0.0,0.12,9.4,2.7,2.6,2.4
79.0,78.0,82.0,0.0,0.12,0.03,2.7,2.6,2.4,2.3
78.0,82.0,74.0,0.12,0.03,0.0,2.6,2.4,2.3,2.2
82.0,74.0,73.0,0.03,0.0,0.0,2.4,2.3,2.2,2.1
74.0,73.0,73.0,0.0,0.0,0.0,2.3,2.2,2.1,11.0
73.0,73.0,75.0,0.0,0.0,0.0,2.2,2.1,11.0,53.2
73.0,75.0,71.0,0.0,0.0,1.63,2.1,11.0,53.2,34.4
75.0,71.0,73.0,0.0,1.63,0.0,11.0,53.2,34.4,14.7
71.0,73.0,73.0,1.63,0.0,0.0,53.2,34.4,14.7,3.51
73.0,73.0,72.0,0.0,0.0,0.0,34.4,14.7,3.51,2.5
73.0,72.0,72.0,0.0,0.0,0.0,14.7,3.51,2.5,2.18
72.0,72.0,74.0,0.0,0.0,0.0,3.51,2.5,2.18,2.1
72.0,74.0,76.0,0.0,0.0,0.0,2.5,2.18,2.1,1.99
74.0,76.0,73.0,0.0,0.0,0.0,2.18,2.1,1.99,1.92
76.0,73.0,74.0,0.0,0.0,0.0,2.1,1.99,1.92,1.92
73.0,74.0,66.0,0.0,0.0,0.0,1.99,1.92,1.92,1.73
74.0,66.0,70.0,0.0,0.0,0.0,1.92,1.92,1.73,1.77
66.0,70.0,78.0,0.0,0.0,0.0,1.92,1.73,1.77,1.84
70.0,78.0,82.0,0.0,0.0,0.0,1.73,1.77,1.84,1.74
78.0,82.0,82.0,0.0,0.0,0.0,1.77,1.84,1.74,11.5
82.0,82.0,78.0,0.0,0.0,0.82,1.84,1.74,11.5,20.1
82.0,78.0,74.0,0.0,0.82,0.01,1.74,11.5,20.1,25.0
78.0,74.0,68.0,0.82,0.01,0.26,11.5,20.1,25.0,171.0
74.0,68.0,70.0,0.01,0.26,1.24,20.1,25.0,171.0,33.6
68.0,70.0,70.0,0.26,1.24,0.0,25.0,171.0,33.6,21.2
70.0,70.0,71.0,1.24,0.0,0.0,171.0,33.6,21.2,7.56
70.0,71.0,76.0,0.0,0.0,0.0,33.6,21.2,7.56,3.73
71.0,76.0,72.0,0.0,0.0,0.02,21.2,7.56,3.73,5.15
76.0,72.0,67.0,0.0,0.02,0.08,7.56,3.73,5.15,4.35
72.0,67.0,64.0,0.02,0.08,0.0,3.73,5.15,4.35,2.97
67.0,64.0,64.0,0.08,0.0,30.24,5.15,4.35,2.97,3.96
64.0,64.0,67.0,0.0,30.24,0.07,4.35,2.97,3.96,4.38
64.0,67.0,78.0,30.24,0.07,0.0,2.97,3.96,4.38,2.72
67.0,78.0,70.0,0.07,0.0,0.0,3.96,4.38,2.72,12.9
78.0,70.0,72.0,0.0,0.0,0.68,4.38,2.72,12.9,17.2
70.0,72.0,77.0,0.0,0.68,0.0,2.72,12.9,17.2,4.33
72.0,77.0,72.0,0.68,0.0,0.0,12.9,17.2,4.33,2.93
77.0,72.0,69.0,0.0,0.0,0.0,17.2,4.33,2.93,2.75
72.0,69.0,72.0,0.0,0.0,0.0,4.33,2.93,2.75,2.54
69.0,72.0,63.0,0.0,0.0,0.0,2.93,2.75,2.54,2.36
72.0,63.0,65.0,0.0,0.0,30.23,2.75,2.54,2.36,2.23
63.0,65.0,62.0,0.0,30.23,0.0,2.54,2.36,2.23,2.24
65.0,62.0,62.0,30.23,0.0,0.0,2.36,2.23,2.24,2.24
62.0,62.0,66.0,0.0,0.0,0.0,2.23,2.24,2.24,2.23
62.0,66.0,76.0,0.0,0.0,0.0,2.24,2.24,2.23,3.85
66.0,76.0,81.0,0.0,0.0,0.08,2.24,2.23,3.85,4.68
76.0,81.0,76.0,0.0,0.08,0.04,2.23,3.85,4.68,3.06
81.0,76.0,74.0,0.08,0.04,0.0,3.85,4.68,3.06,28.9
76.0,74.0,68.0,0.04,0.0,0.89,4.68,3.06,28.9,18.3
74.0,68.0,61.0,0.0,0.89,0.0,3.06,28.9,18.3,4.34
68.0,61.0,60.0,0.89,0.0,0.0,28.9,18.3,4.34,2.9
61.0,60.0,63.0,0.0,0.0,0.0,18.3,4.34,2.9,2.73
60.0,63.0,68.0,0.0,0.0,0.01,4.34,2.9,2.73,2.51
63.0,68.0,60.0,0.0,0.01,0.0,2.9,2.73,2.51,2.45
68.0,60.0,61.0,0.01,0.0,0.0,2.73,2.51,2.45,5.64
60.0,61.0,68.0,0.0,0.0,0.09,2.51,2.45,5.64,4.48
61.0,68.0,68.0,0.0,0.09,0.0,2.45,5.64,4.48,2.9
68.0,68.0,65.0,0.09,0.0,30.03,5.64,4.48,2.9,2.71
68.0,65.0,68.0,0.0,30.03,0.0,4.48,2.9,2.71,2.55
65.0,68.0,64.0,30.03,0.0,30.19,2.9,2.71,2.55,2.57
68.0,64.0,70.0,0.0,30.19,0.0,2.71,2.55,2.57,2.54
64.0,70.0,70.0,30.19,0.0,0.0,2.55,2.57,2.54,2.58
70.0,70.0,62.0,0.0,0.0,0.0,2.57,2.54,2.58,2.54
70.0,62.0,58.0,0.0,0.0,0.0,2.54,2.58,2.54,5.41
62.0,58.0,56.0,0.0,0.0,0.0,2.58,2.54,5.41,2.77
58.0,56.0,57.0,0.0,0.0,0.0,2.54,5.41,2.77,6.44
56.0,57.0,53.0,0.0,0.0,0.2,5.41,2.77,6.44,107.0
57.0,53.0,60.0,0.0,0.2,1.7,2.77,6.44,107.0,44.9
53.0,60.0,60.0,0.2,1.7,0.21,6.44,107.0,44.9,40.9
60.0,60.0,58.0,1.7,0.21,0.52,107.0,44.9,40.9,28.8
60.0,58.0,57.0,0.21,0.52,0.0,44.9,40.9,28.8,11.8
58.0,57.0,54.0,0.52,0.0,0.0,40.9,28.8,11.8,4.29
57.0,54.0,58.0,0.0,0.0,0.0,28.8,11.8,4.29,3.54
54.0,58.0,66.0,0.0,0.0,30.09,11.8,4.29,3.54,2.98
58.0,66.0,66.0,0.0,30.09,30.14,4.29,3.54,2.98,2.88
66.0,66.0,66.0,30.09,30.14,0.06,3.54,2.98,2.88,5.18
66.0,66.0,50.0,30.14,0.06,0.0,2.98,2.88,5.18,3.02
66.0,50.0,46.0,0.06,0.0,0.0,2.88,5.18,3.02,2.0
50.0,46.0,46.0,0.0,0.0,0.0,5.18,3.02,2.0,1.84
46.0,46.0,54.0,0.0,0.0,0.0,3.02,2.0,1.84,2.42
46.0,54.0,57.0,0.0,0.0,0.25,2.0,1.84,2.42,5.77
54.0,57.0,46.0,0.0,0.25,0.0,1.84,2.42,5.77,2.47
57.0,46.0,44.0,0.25,0.0,0.0,2.42,5.77,2.47,1.91
46.0,44.0,52.0,0.0,0.0,0.0,5.77,2.47,1.91,5.1
44.0,52.0,64.0,0.0,0.0,29.96,2.47,1.91,5.1,3.93
52.0,64.0,70.0,0.0,29.96,0.0,1.91,5.1,3.93,2.33
64.0,70.0,68.0,29.96,0.0,0.0,5.1,3.93,2.33,1.96
70.0,68.0,56.0,0.0,0.0,0.07,3.93,2.33,1.96,29.8
68.0,56.0,52.0,0.0,0.07,1.05,2.33,1.96,29.8,35.0
56.0,52.0,48.0,0.07,1.05,0.04,1.96,29.8,35.0,17.5
52.0,48.0,44.0,1.05,0.04,0.0,29.8,35.0,17.5,4.83
48.0,44.0,50.0,0.04,0.0,0.0,35.0,17.5,4.83,3.12
44.0,50.0,46.0,0.0,0.0,0.0,17.5,4.83,3.12,2.72
50.0,46.0,40.0,0.0,0.0,0.0,4.83,3.12,2.72,7.69
46.0,40.0,36.0,0.0,0.0,0.28,3.12,2.72,7.69,26.5
40.0,36.0,44.0,0.0,0.28,0.09,2.72,7.69,26.5,13.5
36.0,44.0,42.0,0.28,0.09,0.0,7.69,26.5,13.5,5.15
44.0,42.0,60.0,0.09,0.0,0.0,26.5,13.5,5.15,22.2
42.0,60.0,54.0,0.0,0.0,0.15,13.5,5.15,22.2,20.2
60.0,54.0,40.0,0.0,0.15,0.0,5.15,22.2,20.2,6.83
54.0,40.0,60.0,0.15,0.0,0.0,22.2,20.2,6.83,5.22
40.0,60.0,60.0,0.0,0.0,0.01,20.2,6.83,5.22,25.8
60.0,60.0,53.0,0.0,0.01,0.1,6.83,5.22,25.8,12.9
60.0,53.0,45.0,0.01,0.1,0.0,5.22,25.8,12.9,4.94
53.0,45.0,47.0,0.1,0.0,0.0,25.8,12.9,4.94,3.84
45.0,47.0,49.0,0.0,0.0,0.0,12.9,4.94,3.84,3.92
47.0,49.0,50.0,0.0,0.0,0.0,4.94,3.84,3.92,3.98
49.0,50.0,46.0,0.0,0.0,0.0,3.84,3.92,3.98,5.37
50.0,46.0,42.0,0.0,0.0,0.0,3.92,3.98,5.37,4.09
46.0,42.0,46.0,0.0,0.0,0.0,3.98,5.37,4.09,3.46
42.0,46.0,40.0,0.0,0.0,0.0,5.37,4.09,3.46,2.96
46.0,40.0,34.0,0.0,0.0,0.0,4.09,3.46,2.96,3.53
40.0,34.0,39.0,0.0,0.0,0.0,3.46,2.96,3.53,2.64
34.0,39.0,42.0,0.0,0.0,0.0,2.96,3.53,2.64,2.59
39.0,42.0,42.0,0.0,0.0,0.0,3.53,2.64,2.59,2.56
42.0,42.0,44.0,0.0,0.0,0.0,2.64,2.59,2.56,2.44
42.0,44.0,46.0,0.0,0.0,0.0,2.59,2.56,2.44,2.42
44.0,46.0,61.0,0.0,0.0,0.0,2.56,2.44,2.42,3.46
46.0,61.0,44.0,0.0,0.0,0.03,2.44,2.42,3.46,3.07
61.0,44.0,30.0,0.0,0.03,0.01,2.42,3.46,3.07,2.55
44.0,30.0,29.0,0.03,0.01,0.0,3.46,3.07,2.55,2.43
30.0,29.0,28.0,0.01,0.0,0.0,3.07,2.55,2.43,5.33
29.0,28.0,29.0,0.0,0.0,0.01,2.55,2.43,5.33,9.84
28.0,29.0,41.0,0.0,0.01,0.01,2.43,5.33,9.84,4.79
29.0,41.0,40.0,0.01,0.01,0.0,5.33,9.84,4.79,3.22
41.0,40.0,38.0,0.01,0.0,0.0,9.84,4.79,3.22,2.67
40.0,38.0,33.0,0.0,0.0,0.0,4.79,3.22,2.67,8.32
38.0,33.0,40.0,0.0,0.0,0.01,3.22,2.67,8.32,31.9
33.0,40.0,52.0,0.0,0.01,0.0,2.67,8.32,31.9,13.7
40.0,52.0,42.0,0.01,0.0,0.0,8.32,31.9,13.7,5.19
52.0,42.0,37.0,0.0,0.0,0.0,31.9,13.7,5.19,7.35
42.0,37.0,38.0,0.0,0.0,0.0,13.7,5.19,7.35,5.14
37.0,38.0,30.0,0.0,0.0,0.0,5.19,7.35,5.14,3.29
38.0,30.0,34.0,0.0,0.0,0.0,7.35,5.14,3.29,5.85
30.0,34.0,31.0,0.0,0.0,0.0,5.14,3.29,5.85,7.26
34.0,31.0,32.0,0.0,0.0,0.0,3.29,5.85,7.26,6.31
31.0,32.0,32.0,0.0,0.0,0.0,5.85,7.26,6.31,4.12
32.0,32.0,26.0,0.0,0.0,0.0,7.26,6.31,4.12,3.13
32.0,26.0,27.0,0.0,0.0,0.0,6.31,4.12,3.13,2.79
26.0,27.0,24.0,0.0,0.0,0.0,4.12,3.13,2.79,3.06
27.0,24.0,24.0,0.0,0.0,0.43,3.13,2.79,3.06,3.54
24.0,24.0,30.0,0.0,0.43,0.0,2.79,3.06,3.54,3.25
24.0,30.0,16.0,0.43,0.0,0.0,3.06,3.54,3.25,2.97
30.0,16.0,12.0,0.0,0.0,0.0,3.54,3.25,2.97,2.73
16.0,12.0,8.0,0.0,0.0,0.0,3.25,2.97,2.73,2.61
12.0,8.0,10.0,0.0,0.0,0.04,2.97,2.73,2.61,2.92
8.0,10.0,22.0,0.0,0.04,0.04,2.73,2.61,2.92,2.6
10.0,22.0,16.0,0.04,0.04,0.0,2.61,2.92,2.6,2.47
22.0,16.0,0.0,0.04,0.0,0.0,2.92,2.6,2.47,2.65
16.0,0.0,13.0,0.0,0.0,0.0,2.6,2.47,2.65,2.49
0.0,13.0,19.0,0.0,0.0,0.0,2.47,2.65,2.49,2.59
13.0,19.0,29.0,0.0,0.0,0.0,2.65,2.49,2.59,2.51
19.0,29.0,24.0,0.0,0.0,0.05,2.49,2.59,2.51,4.7
29.0,24.0,35.0,0.0,0.05,0.02,2.59,2.51,4.7,6.19
24.0,35.0,34.0,0.05,0.02,0.0,2.51,4.7,6.19,20.5
35.0,34.0,43.0,0.02,0.0,0.26,4.7,6.19,20.5,34.6
34.0,43.0,32.0,0.0,0.26,0.0,6.19,20.5,34.6,19.4
43.0,32.0,32.0,0.26,0.0,0.01,20.5,34.6,19.4,9.88
32.0,32.0,36.0,0.0,0.01,0.0,34.6,19.4,9.88,6.98
32.0,36.0,28.0,0.01,0.0,0.0,19.4,9.88,6.98,5.27
36.0,28.0,36.0,0.0,0.0,0.0,9.88,6.98,5.27,4.42
28.0,36.0,26.0,0.0,0.0,0.0,6.98,5.27,4.42,4.32
36.0,26.0,32.0,0.0,0.0,0.3,5.27,4.42,4.32,26.9
26.0,32.0,40.0,0.0,0.3,0.19,4.42,4.32,26.9,16.6
32.0,40.0,27.0,0.3,0.19,0.0,4.32,26.9,16.6,8.94
40.0,27.0,12.0,0.19,0.0,0.0,26.9,16.6,8.94,5.36
27.0,12.0,6.0,0.0,0.0,0.0,16.6,8.94,5.36,3.89
12.0,6.0,8.0,0.0,0.0,0.0,8.94,5.36,3.89,3.6
6.0,8.0,10.0,0.0,0.0,0.0,5.36,3.89,3.6,3.44
8.0,10.0,20.0,0.0,0.0,0.0,3.89,3.6,3.44,16.4
10.0,20.0,36.0,0.0,0.0,0.39,3.6,3.44,16.4,34.0
20.0,36.0,40.0,0.0,0.39,0.22,3.44,16.4,34.0,58.1
36.0,40.0,41.0,0.39,0.22,0.35,16.4,34.0,58.1,35.3
40.0,41.0,22.0,0.22,0.35,0.0,34.0,58.1,35.3,18.2
41.0,22.0,24.0,0.35,0.0,0.0,58.1,35.3,18.2,7.75
22.0,24.0,22.0,0.0,0.0,0.0,35.3,18.2,7.75,6.16
24.0,22.0,24.0,0.0,0.0,0.16,18.2,7.75,6.16,42.9
22.0,24.0,38.0,0.0,0.16,0.35,7.75,6.16,42.9,33.2
24.0,38.0,36.0,0.16,0.35,0.0,6.16,42.9,33.2,19.3
38.0,36.0,34.0,0.35,0.0,0.0,42.9,33.2,19.3,13.3
36.0,34.0,36.0,0.0,0.0,0.09,33.2,19.3,13.3,11.6
34.0,36.0,47.0,0.0,0.09,0.0,19.3,13.3,11.6,9.65
36.0,47.0,44.0,0.09,0.0,0.0,13.3,11.6,9.65,9.18
47.0,44.0,44.0,0.0,0.0,0.1,11.6,9.65,9.18,9.28
44.0,44.0,39.0,0.0,0.1,0.03,9.65,9.18,9.28,7.6
44.0,39.0,40.0,0.1,0.03,0.01,9.18,9.28,7.6,6.41
39.0,40.0,36.0,0.03,0.01,0.02,9.28,7.6,6.41,5.6
40.0,36.0,30.0,0.01,0.02,0.0,7.6,6.41,5.6,4.35
36.0,30.0,27.0,0.02,0.0,0.0,6.41,5.6,4.35,4.23
30.0,27.0,26.0,0.0,0.0,0.07,5.6,4.35,4.23,4.09
27.0,26.0,21.0,0.0,0.07,0.04,4.35,4.23,4.09,4.24
26.0,21.0,29.0,0.07,0.04,0.13,4.23,4.09,4.24,4.69
21.0,29.0,27.0,0.04,0.13,0.01,4.09,4.24,4.69,5.42
29.0,27.0,18.0,0.13,0.01,0.0,4.24,4.69,5.42,3.84
27.0,18.0,12.0,0.01,0.0,0.0,4.69,5.42,3.84,3.34
18.0,12.0,14.0,0.0,0.0,0.0,5.42,3.84,3.34,3.02
12.0,14.0,32.0,0.0,0.0,0.0,3.84,3.34,3.02,3.26
14.0,32.0,27.0,0.0,0.0,0.0,3.34,3.02,3.26,52.5
32.0,27.0,43.0,0.0,0.0,0.9,3.02,3.26,52.5,56.9
27.0,43.0,30.0,0.0,0.9,0.0,3.26,52.5,56.9,26.9
43.0,30.0,16.0,0.9,0.0,0.0,52.5,56.9,26.9,15.9
30.0,16.0,22.0,0.0,0.0,0.0,56.9,26.9,15.9,7.93
16.0,22.0,37.0,0.0,0.0,0.03,26.9,15.9,7.93,12.1
22.0,37.0,38.0,0.0,0.03,0.2,15.9,7.93,12.1,10.8
37.0,38.0,33.0,0.03,0.2,0.0,7.93,12.1,10.8,7.6
38.0,33.0,38.0,0.2,0.0,0.02,12.1,10.8,7.6,6.51
33.0,38.0,29.0,0.0,0.02,0.0,10.8,7.6,6.51,5.37
38.0,29.0,28.0,0.02,0.0,0.0,7.6,6.51,5.37,4.57
29.0,28.0,38.0,0.0,0.0,0.0,6.51,5.37,4.57,4.3
28.0,38.0,46.0,0.0,0.0,0.0,5.37,4.57,4.3,4.14
38.0,46.0,50.0,0.0,0.0,0.0,4.57,4.3,4.14,3.84
46.0,50.0,41.0,0.0,0.0,0.0,4.3,4.14,3.84,3.83
50.0,41.0,48.0,0.0,0.0,0.0,4.14,3.84,3.83,3.91
41.0,48.0,50.0,0.0,0.0,0.0,3.84,3.83,3.91,3.98
48.0,50.0,54.0,0.0,0.0,0.0,3.83,3.91,3.98,16.7
50.0,54.0,52.0,0.0,0.0,0.81,3.91,3.98,16.7,20.5
54.0,52.0,36.0,0.0,0.81,0.0,3.98,16.7,20.5,15.4
52.0,36.0,31.0,0.81,0.0,0.0,16.7,20.5,15.4,10.2
36.0,31.0,38.0,0.0,0.0,0.0,20.5,15.4,10.2,9.26
31.0,38.0,46.0,0.0,0.0,0.63,15.4,10.2,9.26,176.0
38.0,46.0,40.0,0.0,0.63,0.8,10.2,9.26,176.0,38.3
46.0,40.0,27.0,0.63,0.8,0.0,9.26,176.0,38.3,23.5
40.0,27.0,24.0,0.8,0.0,0.0,176.0,38.3,23.5,11.6
27.0,24.0,22.0,0.0,0.0,0.0,38.3,23.5,11.6,7.26
24.0,22.0,30.0,0.0,0.0,0.0,23.5,11.6,7.26,6.74
22.0,30.0,47.0,0.0,0.0,0.08,11.6,7.26,6.74,15.9
30.0,47.0,47.0,0.0,0.08,0.21,7.26,6.74,15.9,10.4
47.0,47.0,44.0,0.08,0.21,0.0,6.74,15.9,10.4,6.92
47.0,44.0,36.0,0.21,0.0,0.0,15.9,10.4,6.92,5.6
44.0,36.0,24.0,0.0,0.0,0.0,10.4,6.92,5.6,4.71
36.0,24.0,20.0,0.0,0.0,0.0,6.92,5.6,4.71,4.17
24.0,20.0,22.0,0.0,0.0,0.0,5.6,4.71,4.17,4.25
20.0,22.0,22.0,0.0,0.0,0.13,4.71,4.17,4.25,4.38
22.0,22.0,15.0,0.0,0.13,0.0,4.17,4.25,4.38,4.42
22.0,15.0,22.0,0.13,0.0,0.0,4.25,4.38,4.42,4.24
15.0,22.0,26.0,0.0,0.0,0.0,4.38,4.42,4.24,4.43
22.0,26.0,26.0,0.0,0.0,0.15,4.42,4.24,4.43,10.1
26.0,26.0,36.0,0.0,0.15,0.11,4.24,4.43,10.1,10.8
26.0,36.0,36.0,0.15,0.11,0.0,4.43,10.1,10.8,13.0
36.0,36.0,40.0,0.11,0.0,0.15,10.1,10.8,13.0,9.52
36.0,40.0,42.0,0.0,0.15,0.0,10.8,13.0,9.52,6.52
40.0,42.0,28.0,0.15,0.0,0.0,13.0,9.52,6.52,5.03
42.0,28.0,31.0,0.0,0.0,0.01,9.52,6.52,5.03,25.5
28.0,31.0,55.0,0.0,0.01,0.43,6.52,5.03,25.5,15.7
31.0,55.0,42.0,0.01,0.43,0.04,5.03,25.5,15.7,15.3
55.0,42.0,46.0,0.43,0.04,0.28,25.5,15.7,15.3,16.4
42.0,46.0,54.0,0.04,0.28,0.0,15.7,15.3,16.4,9.65
46.0,54.0,46.0,0.28,0.0,0.0,15.3,16.4,9.65,6.74
54.0,46.0,42.0,0.0,0.0,0.0,16.4,9.65,6.74,101.0
46.0,42.0,40.0,0.0,0.0,0.8,9.65,6.74,101.0,65.3
42.0,40.0,39.0,0.0,0.8,0.0,6.74,101.0,65.3,33.2
40.0,39.0,46.0,0.8,0.0,0.0,101.0,65.3,33.2,20.8
39.0,46.0,42.0,0.0,0.0,0.0,65.3,33.2,20.8,12.0
46.0,42.0,49.0,0.0,0.0,0.15,33.2,20.8,12.0,21.0
42.0,49.0,50.0,0.0,0.15,0.11,20.8,12.0,21.0,25.4
49.0,50.0,42.0,0.15,0.11,0.61,12.0,21.0,25.4,137.0
50.0,42.0,38.0,0.11,0.61,0.59,21.0,25.4,137.0,59.1
42.0,38.0,42.0,0.61,0.59,0.01,25.4,137.0,59.1,33.4
38.0,42.0,43.0,0.59,0.01,0.0,137.0,59.1,33.4,23.7
42.0,43.0,58.0,0.01,0.0,0.0,59.1,33.4,23.7,17.2
43.0,58.0,64.0,0.0,0.0,29.88,33.4,23.7,17.2,67.2
58.0,64.0,54.0,0.0,29.88,0.85,23.7,17.2,67.2,32.8
64.0,54.0,52.0,29.88,0.85,0.0,17.2,67.2,32.8,23.1
54.0,52.0,48.0,0.85,0.0,0.0,67.2,32.8,23.1,14.0
52.0,48.0,52.0,0.0,0.0,0.0,32.8,23.1,14.0,9.83
48.0,52.0,64.0,0.0,0.0,0.06,23.1,14.0,9.83,8.51
52.0,64.0,63.0,0.0,0.06,0.0,14.0,9.83,8.51,7.44
64.0,63.0,54.0,0.06,0.0,0.0,9.83,8.51,7.44,6.69
63.0,54.0,50.0,0.0,0.0,0.0,8.51,7.44,6.69,8.27
54.0,50.0,60.0,0.0,0.0,0.27,7.44,6.69,8.27,41.3
50.0,60.0,56.0,0.0,0.27,0.82,6.69,8.27,41.3,46.7
60.0,56.0,49.0,0.27,0.82,0.0,8.27,41.3,46.7,28.9
56.0,49.0,50.0,0.82,0.0,0.0,41.3,46.7,28.9,12.9
49.0,50.0,49.0,0.0,0.0,0.0,46.7,28.9,12.9,8.36
50.0,49.0,54.0,0.0,0.0,0.0,28.9,12.9,8.36,7.84
49.0,54.0,59.0,0.0,0.0,0.0,12.9,8.36,7.84,7.38
54.0,59.0,68.0,0.0,0.0,0.13,8.36,7.84,7.38,11.1
59.0,68.0,59.0,0.0,0.13,0.06,7.84,7.38,11.1,7.67
68.0,59.0,51.0,0.13,0.06,0.0,7.38,11.1,7.67,6.24
59.0,51.0,50.0,0.06,0.0,0.0,11.1,7.67,6.24,26.4
51.0,50.0,47.0,0.0,0.0,0.58,7.67,6.24,26.4,24.3
50.0,47.0,56.0,0.0,0.58,0.06,6.24,26.4,24.3,16.1
47.0,56.0,46.0,0.58,0.06,0.01,26.4,24.3,16.1,9.4
56.0,46.0,48.0,0.06,0.01,0.0,24.3,16.1,9.4,34.4
46.0,48.0,46.0,0.01,0.0,0.92,16.1,9.4,34.4,98.8
48.0,46.0,46.0,0.0,0.92,0.6,9.4,34.4,98.8,47.7
46.0,46.0,49.0,0.92,0.6,0.0,34.4,98.8,47.7,30.8
46.0,49.0,46.0,0.6,0.0,0.0,98.8,47.7,30.8,15.4
49.0,46.0,44.0,0.0,0.0,0.0,47.7,30.8,15.4,9.6
46.0,44.0,46.0,0.0,0.0,0.0,30.8,15.4,9.6,7.71
44.0,46.0,52.0,0.0,0.0,0.0,15.4,9.6,7.71,9.27
46.0,52.0,55.0,0.0,0.0,0.13,9.6,7.71,9.27,7.42
52.0,55.0,52.0,0.0,0.13,0.0,7.71,9.27,7.42,6.25
55.0,52.0,54.0,0.13,0.0,0.0,9.27,7.42,6.25,5.72
52.0,54.0,59.0,0.0,0.0,0.0,7.42,6.25,5.72,5.28
54.0,59.0,54.0,0.0,0.0,0.0,6.25,5.72,5.28,5.29
59.0,54.0,68.0,0.0,0.0,0.02,5.72,5.28,5.29,5.03
54.0,68.0,74.0,0.0,0.02,0.0,5.28,5.29,5.03,4.9
68.0,74.0,76.0,0.02,0.0,0.0,5.29,5.03,4.9,4.55
74.0,76.0,53.0,0.0,0.0,0.02,5.03,4.9,4.55,7.04
76.0,53.0,54.0,0.0,0.02,0.22,4.9,4.55,7.04,40.6
53.0,54.0,64.0,0.02,0.22,0.86,4.55,7.04,40.6,32.2
54.0,64.0,58.0,0.22,0.86,0.0,7.04,40.6,32.2,15.8
64.0,58.0,64.0,0.86,0.0,0.03,40.6,32.2,15.8,8.19
58.0,64.0,60.0,0.0,0.03,0.12,32.2,15.8,8.19,18.9
64.0,60.0,60.0,0.03,0.12,0.32,15.8,8.19,18.9,12.8
60.0,60.0,62.0,0.12,0.32,0.0,8.19,18.9,12.8,7.45
60.0,62.0,64.0,0.32,0.0,0.01,18.9,12.8,7.45,8.95
62.0,64.0,66.0,0.0,0.01,0.36,12.8,7.45,8.95,16.3
64.0,66.0,64.0,0.01,0.36,0.03,7.45,8.95,16.3,11.1
66.0,64.0,58.0,0.36,0.03,0.0,8.95,16.3,11.1,6.51
64.0,58.0,60.0,0.03,0.0,0.01,16.3,11.1,6.51,5.03
58.0,60.0,58.0,0.0,0.01,0.0,11.1,6.51,5.03,4.48
60.0,58.0,62.0,0.01,0.0,0.0,6.51,5.03,4.48,4.32
58.0,62.0,63.0,0.0,0.0,0.0,5.03,4.48,4.32,4.23
62.0,63.0,72.0,0.0,0.0,0.0,4.48,4.32,4.23,4.09
63.0,72.0,65.0,0.0,0.0,29.8,4.32,4.23,4.09,3.98
72.0,65.0,61.0,0.0,29.8,0.0,4.23,4.09,3.98,3.95
65.0,61.0,60.0,29.8,0.0,0.0,4.09,3.98,3.95,3.87
61.0,60.0,57.0,0.0,0.0,0.0,3.98,3.95,3.87,4.06
60.0,57.0,63.0,0.0,0.0,0.02,3.95,3.87,4.06,3.92
57.0,63.0,68.0,0.0,0.02,0.0,3.87,4.06,3.92,3.82
63.0,68.0,77.0,0.02,0.0,0.0,4.06,3.92,3.82,3.76
68.0,77.0,74.0,0.0,0.0,0.0,3.92,3.82,3.76,3.59
77.0,74.0,76.0,0.0,0.0,0.0,3.82,3.76,3.59,3.63
74.0,76.0,73.0,0.0,0.0,0.0,3.76,3.59,3.63,3.61
76.0,73.0,76.0,0.0,0.0,0.0,3.59,3.63,3.61,3.48
73.0,76.0,69.0,0.0,0.0,0.0,3.63,3.61,3.48,3.43
76.0,69.0,71.0,0.0,0.0,0.0,3.61,3.48,3.43,3.59
69.0,71.0,77.0,0.0,0.0,0.03,3.48,3.43,3.59,3.64
71.0,77.0,64.0,0.0,0.03,0.04,3.43,3.59,3.64,3.25
77.0,64.0,64.0,0.03,0.04,0.0,3.59,3.64,3.25,3.38
64.0,64.0,62.0,0.04,0.0,0.0,3.64,3.25,3.38,15.6
64.0,62.0,68.0,0.0,0.0,0.07,3.25,3.38,15.6,13.9
62.0,68.0,68.0,0.0,0.07,0.26,3.38,15.6,13.9,6.34
68.0,68.0,66.0,0.07,0.26,29.86,15.6,13.9,6.34,3.4
68.0,66.0,58.0,0.26,29.86,0.01,13.9,6.34,3.4,3.43
66.0,58.0,58.0,29.86,0.01,0.02,6.34,3.4,3.43,3.38
58.0,58.0,60.0,0.01,0.02,0.0,3.4,3.43,3.38,2.91
58.0,60.0,57.0,0.02,0.0,0.0,3.43,3.38,2.91,3.17
60.0,57.0,76.0,0.0,0.0,0.01,3.38,2.91,3.17,6.68
57.0,76.0,74.0,0.0,0.01,0.41,2.91,3.17,6.68,6.13
76.0,74.0,72.0,0.01,0.41,0.01,3.17,6.68,6.13,3.67
74.0,72.0,69.0,0.41,0.01,0.02,6.68,6.13,3.67,7.15
72.0,69.0,70.0,0.01,0.02,0.18,6.13,3.67,7.15,4.05
69.0,70.0,68.0,0.02,0.18,0.0,3.67,7.15,4.05,3.24
70.0,68.0,66.0,0.18,0.0,0.0,7.15,4.05,3.24,2.98
68.0,66.0,70.0,0.0,0.0,0.0,4.05,3.24,2.98,34.0
66.0,70.0,72.0,0.0,0.0,0.98,3.24,2.98,34.0,31.4
70.0,72.0,66.0,0.0,0.98,0.0,2.98,34.0,31.4,14.6
72.0,66.0,64.0,0.98,0.0,30.01,34.0,31.4,14.6,21.9
66.0,64.0,67.0,0.0,30.01,0.58,31.4,14.6,21.9,22.9
64.0,67.0,75.0,30.01,0.58,0.0,14.6,21.9,22.9,9.47
67.0,75.0,77.0,0.58,0.0,0.03,21.9,22.9,9.47,9.89
75.0,77.0,75.0,0.0,0.03,0.21,22.9,9.47,9.89,5.74
77.0,75.0,72.0,0.03,0.21,0.0,9.47,9.89,5.74,3.64
75.0,72.0,68.0,0.21,0.0,0.0,9.89,5.74,3.64,3.27
72.0,68.0,68.0,0.0,0.0,0.0,5.74,3.64,3.27,3.17
68.0,68.0,66.0,0.0,0.0,0.0,3.64,3.27,3.17,3.07
68.0,66.0,68.0,0.0,0.0,0.0,3.27,3.17,3.07,2.93
66.0,68.0,76.0,0.0,0.0,0.0,3.17,3.07,2.93,2.84
68.0,76.0,77.0,0.0,0.0,0.0,3.07,2.93,2.84,2.76
76.0,77.0,76.0,0.0,0.0,0.0,2.93,2.84,2.76,3.48
77.0,76.0,79.0,0.0,0.0,0.09,2.84,2.76,3.48,3.23
76.0,79.0,74.0,0.0,0.09,0.0,2.76,3.48,3.23,2.79
79.0,74.0,64.0,0.09,0.0,0.0,3.48,3.23,2.79,2.74
74.0,64.0,60.0,0.0,0.0,0.0,3.23,2.79,2.74,2.65
64.0,60.0,65.0,0.0,0.0,30.14,2.79,2.74,2.65,2.62
60.0,65.0,72.0,0.0,30.14,0.0,2.74,2.65,2.62,2.57
65.0,72.0,70.0,30.14,0.0,0.0,2.65,2.62,2.57,2.6
72.0,70.0,68.0,0.0,0.0,0.0,2.62,2.57,2.6,2.6
70.0,68.0,68.0,0.0,0.0,0.0,2.57,2.6,2.6,2.56
68.0,68.0,70.0,0.0,0.0,0.0,2.6,2.6,2.56,2.54
68.0,70.0,70.0,0.0,0.0,0.0,2.6,2.56,2.54,2.45
70.0,70.0,70.0,0.0,0.0,0.0,2.56,2.54,2.45,4.83
70.0,70.0,70.0,0.0,0.0,0.3,2.54,2.45,4.83,7.69
70.0,70.0,66.0,0.0,0.3,29.82,2.45,4.83,7.69,2.86
70.0,66.0,63.0,0.3,29.82,0.0,4.83,7.69,2.86,2.62
66.0,63.0,62.0,29.82,0.0,0.0,7.69,2.86,2.62,2.54
63.0,62.0,64.0,0.0,0.0,0.0,2.86,2.62,2.54,2.54
62.0,64.0,64.0,0.0,0.0,0.0,2.62,2.54,2.54,2.53
64.0,64.0,65.0,0.0,0.0,30.17,2.54,2.54,2.53,2.56
64.0,65.0,67.0,0.0,30.17,0.0,2.54,2.53,2.56,2.59
65.0,67.0,70.0,30.17,0.0,0.0,2.53,2.56,2.59,2.51
67.0,70.0,68.0,0.0,0.0,0.0,2.56,2.59,2.51,2.6
70.0,68.0,70.0,0.0,0.0,0.0,2.59,2.51,2.6,2.62
68.0,70.0,66.0,0.0,0.0,0.0,2.51,2.6,2.62,8.34
70.0,66.0,69.0,0.0,0.0,0.19,2.6,2.62,8.34,3.92
66.0,69.0,68.0,0.0,0.19,0.0,2.62,8.34,3.92,18.1
69.0,68.0,75.0,0.19,0.0,0.77,8.34,3.92,18.1,17.2
68.0,75.0,70.0,0.0,0.77,0.0,3.92,18.1,17.2,4.31
75.0,70.0,68.0,0.77,0.0,0.0,18.1,17.2,4.31,3.25
70.0,68.0,67.0,0.0,0.0,0.0,17.2,4.31,3.25,3.21
68.0,67.0,74.0,0.0,0.0,0.0,4.31,3.25,3.21,3.2
67.0,74.0,72.0,0.0,0.0,0.02,3.25,3.21,3.2,3.0
74.0,72.0,64.0,0.0,0.02,0.0,3.21,3.2,3.0,3.38
72.0,64.0,57.0,0.02,0.0,0.0,3.2,3.0,3.38,2.91
64.0,57.0,58.0,0.0,0.0,0.0,3.0,3.38,2.91,2.92
57.0,58.0,58.0,0.0,0.0,0.0,3.38,2.91,2.92,2.86
58.0,58.0,66.0,0.0,0.0,0.0,2.91,2.92,2.86,7.41
58.0,66.0,65.0,0.0,0.0,30.07,2.92,2.86,7.41,30.0
66.0,65.0,66.0,0.0,30.07,0.18,2.86,7.41,30.0,28.7
65.0,66.0,69.0,30.07,0.18,0.0,7.41,30.0,28.7,8.93
66.0,69.0,63.0,0.18,0.0,0.0,30.0,28.7,8.93,3.06
69.0,63.0,56.0,0.0,0.0,0.0,28.7,8.93,3.06,2.88
63.0,56.0,59.0,0.0,0.0,0.0,8.93,3.06,2.88,2.78
56.0,59.0,66.0,0.0,0.0,0.04,3.06,2.88,2.78,7.35
59.0,66.0,66.0,0.0,0.04,0.13,2.88,2.78,7.35,11.5
66.0,66.0,60.0,0.04,0.13,0.0,2.78,7.35,11.5,3.62
66.0,60.0,52.0,0.13,0.0,0.0,7.35,11.5,3.62,5.88
60.0,52.0,55.0,0.0,0.0,0.01,11.5,3.62,5.88,8.46
52.0,55.0,56.0,0.0,0.01,0.0,3.62,5.88,8.46,3.35
55.0,56.0,52.0,0.01,0.0,0.0,5.88,8.46,3.35,2.84
56.0,52.0,51.0,0.0,0.0,0.0,8.46,3.35,2.84,2.65
52.0,51.0,58.0,0.0,0.0,0.0,3.35,2.84,2.65,2.49
51.0,58.0,61.0,0.0,0.0,0.0,2.84,2.65,2.49,2.4
58.0,61.0,62.0,0.0,0.0,0.0,2.65,2.49,2.4,2.34
61.0,62.0,60.0,0.0,0.0,0.0,2.49,2.4,2.34,2.31
62.0,60.0,64.0,0.0,0.0,0.0,2.4,2.34,2.31,2.29
60.0,64.0,65.0,0.0,0.0,30.15,2.34,2.31,2.29,2.28
64.0,65.0,67.0,0.0,30.15,0.0,2.31,2.29,2.28,3.56
65.0,67.0,70.0,30.15,0.0,0.0,2.29,2.28,3.56,2.88
67.0,70.0,68.0,0.0,0.0,0.06,2.28,3.56,2.88,2.76
70.0,68.0,74.0,0.0,0.06,0.0,3.56,2.88,2.76,2.21
68.0,74.0,76.0,0.06,0.0,0.0,2.88,2.76,2.21,2.12
74.0,76.0,77.0,0.0,0.0,0.0,2.76,2.21,2.12,2.02
76.0,77.0,74.0,0.0,0.0,0.0,2.21,2.12,2.02,1.92
77.0,74.0,74.0,0.0,0.0,0.0,2.12,2.02,1.92,2.46
74.0,74.0,74.0,0.0,0.0,0.0,2.02,1.92,2.46,2.37
74.0,74.0,74.0,0.0,0.0,0.0,1.92,2.46,2.37,1.9
74.0,74.0,70.0,0.0,0.0,0.0,2.46,2.37,1.9,1.72
74.0,70.0,54.0,0.0,0.0,0.0,2.37,1.9,1.72,1.58
70.0,54.0,55.0,0.0,0.0,0.0,1.9,1.72,1.58,1.49
54.0,55.0,52.0,0.0,0.0,0.0,1.72,1.58,1.49,1.49
55.0,52.0,49.0,0.0,0.0,0.0,1.58,1.49,1.49,1.56
52.0,49.0,56.0,0.0,0.0,0.0,1.49,1.49,1.56,1.71
49.0,56.0,62.0,0.0,0.0,0.0,1.49,1.56,1.71,2.41
56.0,62.0,72.0,0.0,0.0,0.0,1.56,1.71,2.41,1.44
62.0,72.0,60.0,0.0,0.0,0.0,1.71,2.41,1.44,10.2
72.0,60.0,59.0,0.0,0.0,0.54,2.41,1.44,10.2,5.54
60.0,59.0,72.0,0.0,0.54,0.18,1.44,10.2,5.54,9.3
59.0,72.0,66.0,0.54,0.18,0.09,10.2,5.54,9.3,9.11
72.0,66.0,66.0,0.18,0.09,29.86,5.54,9.3,9.11,6.47
66.0,66.0,58.0,0.09,29.86,0.0,9.3,9.11,6.47,59.2
66.0,58.0,54.0,29.86,0.0,1.44,9.11,6.47,59.2,32.9
58.0,54.0,54.0,0.0,1.44,0.06,6.47,59.2,32.9,12.0
54.0,54.0,62.0,1.44,0.06,0.0,59.2,32.9,12.0,9.9
54.0,62.0,62.0,0.06,0.0,0.35,32.9,12.0,9.9,23.8
62.0,62.0,60.0,0.0,0.35,0.1,12.0,9.9,23.8,8.98
62.0,60.0,45.0,0.35,0.1,0.0,9.9,23.8,8.98,4.45
60.0,45.0,50.0,0.1,0.0,0.0,23.8,8.98,4.45,3.6
45.0,50.0,52.0,0.0,0.0,0.0,8.98,4.45,3.6,2.82
50.0,52.0,54.0,0.0,0.0,0.0,4.45,3.6,2.82,2.61
52.0,54.0,54.0,0.0,0.0,0.0,3.6,2.82,2.61,2.83
54.0,54.0,57.0,0.0,0.0,0.0,2.82,2.61,2.83,2.95
54.0,57.0,60.0,0.0,0.0,0.0,2.61,2.83,2.95,16.1
57.0,60.0,58.0,0.0,0.0,0.37,2.83,2.95,16.1,24.4
60.0,58.0,48.0,0.0,0.37,0.23,2.95,16.1,24.4,15.9
58.0,48.0,42.0,0.37,0.23,0.08,16.1,24.4,15.9,6.81
48.0,42.0,39.0,0.23,0.08,0.0,24.4,15.9,6.81,9.79
42.0,39.0,46.0,0.08,0.0,0.37,15.9,6.81,9.79,18.7
39.0,46.0,38.0,0.0,0.37,0.0,6.81,9.79,18.7,6.18
46.0,38.0,39.0,0.37,0.0,0.0,9.79,18.7,6.18,5.24
38.0,39.0,38.0,0.0,0.0,0.02,18.7,6.18,5.24,6.02
39.0,38.0,37.0,0.0,0.02,0.01,6.18,5.24,6.02,8.72
38.0,37.0,37.0,0.02,0.01,0.08,5.24,6.02,8.72,32.6
37.0,37.0,50.0,0.01,0.08,0.78,6.02,8.72,32.6,30.9
37.0,50.0,44.0,0.08,0.78,0.01,8.72,32.6,30.9,23.7
50.0,44.0,43.0,0.78,0.01,0.34,32.6,30.9,23.7,33.3
44.0,43.0,55.0,0.01,0.34,0.28,30.9,23.7,33.3,25.0
43.0,55.0,40.0,0.34,0.28,0.0,23.7,33.3,25.0,10.5
55.0,40.0,38.0,0.28,0.0,0.0,33.3,25.0,10.5,5.69
40.0,38.0,34.0,0.0,0.0,0.0,25.0,10.5,5.69,4.92
38.0,34.0,35.0,0.0,0.0,0.0,10.5,5.69,4.92,4.02
34.0,35.0,22.0,0.0,0.0,0.0,5.69,4.92,4.02,3.63
35.0,22.0,27.0,0.0,0.0,0.0,4.92,4.02,3.63,5.86
22.0,27.0,33.0,0.0,0.0,0.32,4.02,3.63,5.86,10.1
27.0,33.0,38.0,0.0,0.32,0.0,3.63,5.86,10.1,6.68
33.0,38.0,36.0,0.32,0.0,0.0,5.86,10.1,6.68,9.51
38.0,36.0,42.0,0.0,0.0,0.26,10.1,6.68,9.51,10.5
36.0,42.0,39.0,0.0,0.26,0.0,6.68,9.51,10.5,5.06
42.0,39.0,34.0,0.26,0.0,0.12,9.51,10.5,5.06,128.0
39.0,34.0,40.0,0.0,0.12,1.56,10.5,5.06,128.0,59.5
34.0,40.0,32.0,0.12,1.56,0.0,5.06,128.0,59.5,28.9
40.0,32.0,36.0,1.56,0.0,0.0,128.0,59.5,28.9,9.9
32.0,36.0,41.0,0.0,0.0,0.06,59.5,28.9,9.9,7.36
36.0,41.0,26.0,0.0,0.06,0.0,28.9,9.9,7.36,5.99
41.0,26.0,31.0,0.06,0.0,0.0,9.9,7.36,5.99,6.09
26.0,31.0,38.0,0.0,0.0,0.0,7.36,5.99,6.09,4.68
31.0,38.0,42.0,0.0,0.0,0.0,5.99,6.09,4.68,3.52
38.0,42.0,31.0,0.0,0.0,0.0,6.09,4.68,3.52,3.28
42.0,31.0,37.0,0.0,0.0,0.0,4.68,3.52,3.28,2.81
31.0,37.0,47.0,0.0,0.0,0.0,3.52,3.28,2.81,3.41
37.0,47.0,39.0,0.0,0.0,0.0,3.28,2.81,3.41,4.44
47.0,39.0,39.0,0.0,0.0,0.09,2.81,3.41,4.44,3.48
39.0,39.0,32.0,0.0,0.09,0.0,3.41,4.44,3.48,3.3
39.0,32.0,38.0,0.09,0.0,0.0,4.44,3.48,3.3,3.11
32.0,38.0,38.0,0.0,0.0,0.0,3.48,3.3,3.11,3.1
38.0,38.0,41.0,0.0,0.0,0.0,3.3,3.11,3.1,3.02
38.0,41.0,42.0,0.0,0.0,0.01,3.11,3.1,3.02,4.35
41.0,42.0,32.0,0.0,0.01,0.0,3.1,3.02,4.35,7.19
42.0,32.0,26.0,0.01,0.0,0.0,3.02,4.35,7.19,3.95
32.0,26.0,24.0,0.0,0.0,0.0,4.35,7.19,3.95,3.24
26.0,24.0,24.0,0.0,0.0,0.06,7.19,3.95,3.24,2.99
24.0,24.0,24.0,0.0,0.06,0.0,3.95,3.24,2.99,3.08
24.0,24.0,24.0,0.06,0.0,0.21,3.24,2.99,3.08,2.99
24.0,24.0,22.0,0.0,0.21,0.0,2.99,3.08,2.99,3.07
24.0,22.0,16.0,0.21,0.0,0.15,3.08,2.99,3.07,3.31
22.0,16.0,10.0,0.0,0.15,0.0,2.99,3.07,3.31,3.28
16.0,10.0,19.0,0.15,0.0,0.0,3.07,3.31,3.28,3.34
10.0,19.0,30.0,0.0,0.0,0.0,3.31,3.28,3.34,3.3
19.0,30.0,27.0,0.0,0.0,0.0,3.28,3.34,3.3,5.24
30.0,27.0,34.0,0.0,0.0,0.02,3.34,3.3,5.24,13.7
27.0,34.0,40.0,0.0,0.02,0.0,3.3,5.24,13.7,13.4
34.0,40.0,30.0,0.02,0.0,0.0,5.24,13.7,13.4,7.96
40.0,30.0,30.0,0.0,0.0,0.0,13.7,13.4,7.96,5.95
30.0,30.0,34.0,0.0,0.0,0.0,13.4,7.96,5.95,5.57
30.0,34.0,32.0,0.0,0.0,0.04,7.96,5.95,5.57,5.3
34.0,32.0,22.0,0.0,0.04,0.19,5.95,5.57,5.3,4.91
32.0,22.0,16.0,0.04,0.19,0.0,5.57,5.3,4.91,4.67
22.0,16.0,0.0,0.19,0.0,0.0,5.3,4.91,4.67,4.51
16.0,0.0,0.0,0.0,0.0,0.0,4.91,4.67,4.51,4.1
0.0,0.0,-4.0,0.0,0.0,0.02,4.67,4.51,4.1,4.9
0.0,-4.0,12.0,0.0,0.02,0.0,4.51,4.1,4.9,4.76
-4.0,12.0,8.0,0.02,0.0,0.0,4.1,4.9,4.76,4.63
12.0,8.0,4.0,0.0,0.0,0.0,4.9,4.76,4.63,4.63
8.0,4.0,0.0,0.0,0.0,0.0,4.76,4.63,4.63,4.53
4.0,0.0,6.0,0.0,0.0,0.0,4.63,4.63,4.53,4.28
0.0,6.0,7.0,0.0,0.0,0.0,4.63,4.53,4.28,4.56
6.0,7.0,8.0,0.0,0.0,0.0,4.53,4.28,4.56,4.28
7.0,8.0,-2.0,0.0,0.0,0.0,4.28,4.56,4.28,4.49
8.0,-2.0,-2.0,0.0,0.0,0.0,4.56,4.28,4.49,4.21
-2.0,-2.0,6.0,0.0,0.0,0.0,4.28,4.49,4.21,4.95
-2.0,6.0,32.0,0.0,0.0,0.01,4.49,4.21,4.95,4.87
6.0,32.0,27.0,0.0,0.01,0.0,4.21,4.95,4.87,4.85
32.0,27.0,36.0,0.01,0.0,0.01,4.95,4.87,4.85,28.5
27.0,36.0,50.0,0.0,0.01,0.03,4.87,4.85,28.5,32.6
36.0,50.0,32.0,0.01,0.03,0.22,4.85,28.5,32.6,18.9
50.0,32.0,11.0,0.03,0.22,0.0,28.5,32.6,18.9,8.73
32.0,11.0,16.0,0.22,0.0,0.0,32.6,18.9,8.73,5.72
11.0,16.0,16.0,0.0,0.0,0.0,18.9,8.73,5.72,4.73
16.0,16.0,9.0,0.0,0.0,0.0,8.73,5.72,4.73,4.31
16.0,9.0,10.0,0.0,0.0,0.0,5.72,4.73,4.31,4.17
9.0,10.0,21.0,0.0,0.0,0.0,4.73,4.31,4.17,4.24
10.0,21.0,26.0,0.0,0.0,0.0,4.31,4.17,4.24,4.57
21.0,26.0,34.0,0.0,0.0,0.0,4.17,4.24,4.57,4.98
26.0,34.0,37.0,0.0,0.0,0.0,4.24,4.57,4.98,21.1
34.0,37.0,44.0,0.0,0.0,0.33,4.57,4.98,21.1,28.2
37.0,44.0,36.0,0.0,0.33,0.09,4.98,21.1,28.2,17.2
44.0,36.0,26.0,0.33,0.09,0.0,21.1,28.2,17.2,9.11
36.0,26.0,29.0,0.09,0.0,0.0,28.2,17.2,9.11,6.23
26.0,29.0,34.0,0.0,0.0,0.0,17.2,9.11,6.23,5.77
29.0,34.0,39.0,0.0,0.0,0.01,9.11,6.23,5.77,5.64
34.0,39.0,34.0,0.0,0.01,0.0,6.23,5.77,5.64,5.39
39.0,34.0,24.0,0.01,0.0,0.05,5.77,5.64,5.39,4.96
34.0,24.0,19.0,0.0,0.05,0.0,5.64,5.39,4.96,4.93
24.0,19.0,30.0,0.05,0.0,0.0,5.39,4.96,4.93,4.74
19.0,30.0,23.0,0.0,0.0,0.0,4.96,4.93,4.74,4.25
30.0,23.0,14.0,0.0,0.0,0.0,4.93,4.74,4.25,3.95
23.0,14.0,22.0,0.0,0.0,0.0,4.74,4.25,3.95,4.04
14.0,22.0,22.0,0.0,0.0,0.11,4.25,3.95,4.04,3.89
22.0,22.0,9.0,0.0,0.11,0.04,3.95,4.04,3.89,4.01
22.0,9.0,10.0,0.11,0.04,0.01,4.04,3.89,4.01,4.31
9.0,10.0,20.0,0.04,0.01,0.07,3.89,4.01,4.31,3.93
10.0,20.0,8.0,0.01,0.07,0.0,4.01,4.31,3.93,4.44
20.0,8.0,18.0,0.07,0.0,0.47,4.31,3.93,4.44,4.68
8.0,18.0,21.0,0.0,0.47,0.08,3.93,4.44,4.68,4.44
18.0,21.0,23.0,0.47,0.08,0.16,4.44,4.68,4.44,4.25
21.0,23.0,16.0,0.08,0.16,0.0,4.68,4.44,4.25,4.19
23.0,16.0,14.0,0.16,0.0,0.0,4.44,4.25,4.19,5.02
16.0,14.0,24.0,0.0,0.0,0.0,4.25,4.19,5.02,17.1
14.0,24.0,41.0,0.0,0.0,0.05,4.19,5.02,17.1,25.4
24.0,41.0,26.0,0.0,0.05,0.0,5.02,17.1,25.4,16.2
41.0,26.0,21.0,0.05,0.0,0.0,17.1,25.4,16.2,9.81
26.0,21.0,28.0,0.0,0.0,0.0,25.4,16.2,9.81,24.9
21.0,28.0,42.0,0.0,0.0,0.59,16.2,9.81,24.9,304.0
28.0,42.0,56.0,0.0,0.59,1.19,9.81,24.9,304.0,113.0
42.0,56.0,42.0,0.59,1.19,0.46,24.9,304.0,113.0,41.6
56.0,42.0,34.0,1.19,0.46,0.0,304.0,113.0,41.6,32.0
42.0,34.0,41.0,0.46,0.0,0.1,113.0,41.6,32.0,22.7
34.0,41.0,38.0,0.0,0.1,0.02,41.6,32.0,22.7,16.9
41.0,38.0,41.0,0.1,0.02,0.03,32.0,22.7,16.9,12.3
38.0,41.0,38.0,0.02,0.03,0.0,22.7,16.9,12.3,9.35
41.0,38.0,40.0,0.03,0.0,0.0,16.9,12.3,9.35,9.12
38.0,40.0,46.0,0.0,0.0,0.0,12.3,9.35,9.12,41.1
40.0,46.0,36.0,0.0,0.0,1.06,9.35,9.12,41.1,62.2
46.0,36.0,32.0,0.0,1.06,0.0,9.12,41.1,62.2,40.5
36.0,32.0,32.0,1.06,0.0,0.0,41.1,62.2,40.5,31.5
32.0,32.0,29.0,0.0,0.0,0.0,62.2,40.5,31.5,22.5
32.0,29.0,30.0,0.0,0.0,0.0,40.5,31.5,22.5,18.4
29.0,30.0,36.0,0.0,0.0,0.23,31.5,22.5,18.4,22.5
30.0,36.0,29.0,0.0,0.23,0.03,22.5,18.4,22.5,18.4
36.0,29.0,24.0,0.23,0.03,0.0,18.4,22.5,18.4,13.2
29.0,24.0,26.0,0.03,0.0,0.0,22.5,18.4,13.2,10.3
24.0,26.0,26.0,0.0,0.0,0.0,18.4,13.2,10.3,8.8
26.0,26.0,28.0,0.0,0.0,0.0,13.2,10.3,8.8,8.48
26.0,28.0,27.0,0.0,0.0,0.04,10.3,8.8,8.48,7.97
28.0,27.0,30.0,0.0,0.04,0.0,8.8,8.48,7.97,7.15
27.0,30.0,30.0,0.04,0.0,0.0,8.48,7.97,7.15,6.56
30.0,30.0,32.0,0.0,0.0,0.0,7.97,7.15,6.56,6.12
30.0,32.0,28.0,0.0,0.0,0.0,7.15,6.56,6.12,5.8
32.0,28.0,34.0,0.0,0.0,0.0,6.56,6.12,5.8,5.74
28.0,34.0,39.0,0.0,0.0,0.0,6.12,5.8,5.74,5.67
34.0,39.0,36.0,0.0,0.0,0.0,5.8,5.74,5.67,5.33
39.0,36.0,34.0,0.0,0.0,0.0,5.74,5.67,5.33,5.06
36.0,34.0,34.0,0.0,0.0,0.0,5.67,5.33,5.06,4.8
34.0,34.0,34.0,0.0,0.0,0.0,5.33,5.06,4.8,4.62
34.0,34.0,34.0,0.0,0.0,0.0,5.06,4.8,4.62,4.44
34.0,34.0,31.0,0.0,0.0,0.0,4.8,4.62,4.44,4.22
34.0,31.0,29.0,0.0,0.0,0.0,4.62,4.44,4.22,4.19
31.0,29.0,40.0,0.0,0.0,0.0,4.44,4.22,4.19,15.1
29.0,40.0,47.0,0.0,0.0,0.44,4.22,4.19,15.1,13.6
40.0,47.0,42.0,0.0,0.44,0.0,4.19,15.1,13.6,14.1
